Participant ID,Video Name,Frame Index,Gaze X,Gaze Y,Gaze Z
P_08,1491591937547_13_-study-where_to_find_morel_mushrooms_instructions.webm,0,-0.014434038882502926,0.2274156550422614,0.9736908022381835
P_08,1491591937547_13_-study-where_to_find_morel_mushrooms_instructions.webm,1,-0.013206136272084439,0.2269982937365315,0.9738056133569299
P_08,1491591937547_13_-study-where_to_find_morel_mushrooms_instructions.webm,2,-0.013012908716648588,0.22685608394872717,0.9738413532923009
P_08,1491591937547_13_-study-where_to_find_morel_mushrooms_instructions.webm,3,-0.013632401019554657,0.2258955827862916,0.9740561294504971
P_08,1491591937547_13_-study-where_to_find_morel_mushrooms_instructions.webm,4,-0.013704112895983932,0.22577695712329415,0.9740826263320173
P_08,1491591937547_13_-study-where_to_find_morel_mushrooms_instructions.webm,5,-0.014758425338285783,0.22546536709560486,0.9741393930654783
P_08,1491591937547_13_-study-where_to_find_morel_mushrooms_instructions.webm,6,-0.015264612623555064,0.22489672707836295,0.9742630310911387
P_08,1491591937547_13_-study-where_to_find_morel_mushrooms_instructions.webm,7,-0.01455221639218175,0.22455644810718803,0.9743524180765185
P_08,1491591937547_13_-study-where_to_find_morel_mushrooms_instructions.webm,8,-0.014512087232606687,0.22356212456918678,0.9745816414145428
P_08,1491591937547_13_-study-where_to_find_morel_mushrooms_instructions.webm,9,-0.015729012863339834,0.22294356136415153,0.9747044508981242
P_08,1491591937547_13_-study-where_to_find_morel_mushrooms_instructions.webm,10,-0.016866975930293675,0.2223225683205182,0.9748272568708444
P_08,1491591937547_13_-study-where_to_find_morel_mushrooms_instructions.webm,11,-0.019271560343890933,0.22129677078512955,0.9750160748428641
P_08,1491591937547_13_-study-where_to_find_morel_mushrooms_instructions.webm,12,-0.019754522737336747,0.22132823168423568,0.9749992680463659
P_08,1491591937547_13_-study-where_to_find_morel_mushrooms_instructions.webm,13,-0.019132860481079164,0.22013580904690896,0.975281579455428
P_08,1491591937547_13_-study-where_to_find_morel_mushrooms_instructions.webm,14,-0.019587634251447734,0.21869635037325083,0.9755963463020203
P_08,1491591937547_13_-study-where_to_find_morel_mushrooms_instructions.webm,15,-0.019801462165947796,0.2185789863711101,0.9756183315277899
P_08,1491591937547_13_-study-where_to_find_morel_mushrooms_instructions.webm,16,-0.020534926845590024,0.21857577940021594,0.9756038875686354
P_08,1491591937547_13_-study-where_to_find_morel_mushrooms_instructions.webm,17,-0.02275028850643577,0.21750462837589785,0.9757941181457985
P_08,1491591937547_13_-study-where_to_find_morel_mushrooms_instructions.webm,18,-0.023219837266594427,0.2174178350103346,0.9758024001695895
P_08,1491591937547_13_-study-where_to_find_morel_mushrooms_instructions.webm,19,-0.023228980940084205,0.21722804752680383,0.9758444495984889
P_08,1491591937547_13_-study-where_to_find_morel_mushrooms_instructions.webm,20,-0.023133956813132163,0.21706400627685465,0.9758832088017549
P_08,1491591937547_13_-study-where_to_find_morel_mushrooms_instructions.webm,21,-0.02434298316617197,0.21724489836615157,0.9758135443333691
P_08,1491591937547_13_-study-where_to_find_morel_mushrooms_instructions.webm,22,-0.024646551019449115,0.21723643812093407,0.9758078076523958
P_08,1491591937547_13_-study-where_to_find_morel_mushrooms_instructions.webm,23,-0.026886595677602845,0.21685246641925912,0.9758340631381718
P_08,1491591937547_13_-study-where_to_find_morel_mushrooms_instructions.webm,24,-0.027523309754992044,0.21717754138229786,0.9757440150671031
P_08,1491591937547_13_-study-where_to_find_morel_mushrooms_instructions.webm,25,-0.027858961164301258,0.2171161171626831,0.9757481590815562
P_08,1491591937547_13_-study-where_to_find_morel_mushrooms_instructions.webm,26,-0.025117878769044123,0.21691208298130038,0.9758679421022382
P_08,1491591937547_13_-study-where_to_find_morel_mushrooms_instructions.webm,27,-0.024888332792263896,0.21689110187165928,0.9758784867081142
P_08,1491591937547_13_-study-where_to_find_morel_mushrooms_instructions.webm,28,-0.025127383983073712,0.21771808857114722,0.9756881922433485
P_08,1491591937547_13_-study-where_to_find_morel_mushrooms_instructions.webm,29,-0.026230787027088535,0.2173641283628232,0.9757380701361456
P_08,1491591937547_13_-study-where_to_find_morel_mushrooms_instructions.webm,30,-0.027294490173102252,0.21683374524590593,0.9758268994697903
P_08,1491591937547_13_-study-where_to_find_morel_mushrooms_instructions.webm,31,-0.026910516005861345,0.21728791857782953,0.9757365344028135
P_08,1491591937547_13_-study-where_to_find_morel_mushrooms_instructions.webm,32,-0.026506358952452177,0.21739518298994331,0.9757237044101433
P_08,1491591937547_13_-study-where_to_find_morel_mushrooms_instructions.webm,33,-0.025910479390214396,0.21776336897590304,0.9756576049977953
P_08,1491591937547_13_-study-where_to_find_morel_mushrooms_instructions.webm,34,-0.02536266773004117,0.21794866726530987,0.9756306235060945
P_08,1491591937547_13_-study-where_to_find_morel_mushrooms_instructions.webm,35,-0.026072375278804835,0.21802729406412116,0.9755943472009246
P_08,1491591937547_13_-study-where_to_find_morel_mushrooms_instructions.webm,36,-0.02644219504960359,0.21813862378665458,0.9755595067105969
P_08,1491591937547_13_-study-where_to_find_morel_mushrooms_instructions.webm,37,-0.025976614144131792,0.21834185886580923,0.9755265491951667
P_08,1491591937547_13_-study-where_to_find_morel_mushrooms_instructions.webm,38,-0.026209745321818505,0.21852260819968325,0.975479840363589
P_08,1491591937547_13_-study-where_to_find_morel_mushrooms_instructions.webm,39,-0.025643625724370456,0.21855181167443147,0.9754883444068064
P_08,1491591937547_13_-study-where_to_find_morel_mushrooms_instructions.webm,40,-0.025062114589451432,0.21910371390771216,0.9753796455555921
P_08,1491591937547_13_-study-where_to_find_morel_mushrooms_instructions.webm,41,-0.025781613417349532,0.21937362778116454,0.9753002203648522
P_08,1491591937547_13_-study-where_to_find_morel_mushrooms_instructions.webm,42,-0.027463358472469314,0.21924931589939647,0.9752822675610683
P_08,1491591937547_13_-study-where_to_find_morel_mushrooms_instructions.webm,43,-0.028294379799823608,0.2195215377103198,0.9751972736595607
P_08,1491591937547_13_-study-where_to_find_morel_mushrooms_instructions.webm,44,-0.028993546426656237,0.2191180462299736,0.9752674792496488
P_08,1491591937547_13_-study-where_to_find_morel_mushrooms_instructions.webm,45,-0.02825815415136978,0.21946134876054357,0.9752118708896853
P_08,1491591937547_13_-study-where_to_find_morel_mushrooms_instructions.webm,46,-0.028504440044894698,0.2198530925830936,0.9751164620594696
P_08,1491591937547_13_-study-where_to_find_morel_mushrooms_instructions.webm,47,-0.028855595840800493,0.21955873091796632,0.9751724556540573
P_08,1491591937547_13_-study-where_to_find_morel_mushrooms_instructions.webm,48,-0.028621880163718104,0.21914845020564772,0.9752716261372298
P_08,1491591937547_13_-study-where_to_find_morel_mushrooms_instructions.webm,49,-0.029074324612220828,0.2195745708721632,0.9751623923607026
P_08,1491591937547_13_-study-where_to_find_morel_mushrooms_instructions.webm,50,-0.029051027215990288,0.21932465373280577,0.9752193261429353
P_08,1491591937547_13_-study-where_to_find_morel_mushrooms_instructions.webm,51,-0.02827850516767713,0.21918138764454426,0.9752742411525558
P_08,1491591937547_13_-study-where_to_find_morel_mushrooms_instructions.webm,52,-0.02902162049200189,0.21946224459377145,0.9751892476549778
P_08,1491591937547_13_-study-where_to_find_morel_mushrooms_instructions.webm,53,-0.02948004269001154,0.21969597998633658,0.9751228658281162
P_08,1491591937547_13_-study-where_to_find_morel_mushrooms_instructions.webm,54,-0.028656088739402875,0.2195861027640468,0.9751721755931394
P_08,1491591937547_13_-study-where_to_find_morel_mushrooms_instructions.webm,55,-0.029330294061137813,0.2198571296288408,0.9750910605690395
P_08,1491591937547_13_-study-where_to_find_morel_mushrooms_instructions.webm,56,-0.03004100145650519,0.2198989165744052,0.9750600005747816
P_08,1491591937547_13_-study-where_to_find_morel_mushrooms_instructions.webm,57,-0.029310718218540952,0.21948478997447357,0.9751755271577393
P_08,1491591937547_13_-study-where_to_find_morel_mushrooms_instructions.webm,58,-0.029928144747089467,0.22004104274866929,0.9750314075239196
P_08,1491591937547_13_-study-where_to_find_morel_mushrooms_instructions.webm,59,-0.029948604816176425,0.2203582393361668,0.9749591414137463
P_08,1491591937547_13_-study-where_to_find_morel_mushrooms_instructions.webm,60,-0.029480941161420457,0.22011173781990737,0.975029074941941
P_08,1491591937547_13_-study-where_to_find_morel_mushrooms_instructions.webm,61,-0.029870632623419074,0.22051985360113754,0.9749249917170087
P_08,1491591937547_13_-study-where_to_find_morel_mushrooms_instructions.webm,62,-0.02972686136396374,0.22066872604042093,0.9748957006065547
P_08,1491591937547_13_-study-where_to_find_morel_mushrooms_instructions.webm,63,-0.02815985392059432,0.22017149854286885,0.9750546312164043
P_08,1491591937547_13_-study-where_to_find_morel_mushrooms_instructions.webm,64,-0.028015595790529712,0.22062980298530063,0.9749551868815146
P_08,1491591937547_13_-study-where_to_find_morel_mushrooms_instructions.webm,65,-0.027785904084263683,0.22037781405921736,0.9750187498734068
P_08,1491591937547_13_-study-where_to_find_morel_mushrooms_instructions.webm,66,-0.026828590112639106,0.22073038712630316,0.9749658060422635
P_08,1491591937547_13_-study-where_to_find_morel_mushrooms_instructions.webm,67,-0.027095640174595464,0.22087182317842385,0.9749263890209188
P_08,1491591937547_13_-study-where_to_find_morel_mushrooms_instructions.webm,68,-0.027044128223708944,0.22052602372669644,0.9750060963849981
P_08,1491591937547_13_-study-where_to_find_morel_mushrooms_instructions.webm,69,-0.026559588939623784,0.22121199537107655,0.9748640117161496
P_08,1491591937547_13_-study-where_to_find_morel_mushrooms_instructions.webm,70,-0.026037315490165806,0.2208900322467809,0.9749511022897925
P_08,1491591937547_13_-study-where_to_find_morel_mushrooms_instructions.webm,71,-0.025606614765248763,0.22085357647923937,0.9749707682985133
P_08,1491591937547_13_-study-where_to_find_morel_mushrooms_instructions.webm,72,-0.02453066374813856,0.22190205813524694,0.9747603413821355
P_08,1491591937547_13_-study-where_to_find_morel_mushrooms_instructions.webm,73,-0.02460360190787131,0.2224378882958871,0.9746363673820229
P_08,1491591937547_13_-study-where_to_find_morel_mushrooms_instructions.webm,74,-0.025023841784095183,0.22178085673701803,0.9747753889626876
P_08,1491591937547_13_-study-where_to_find_morel_mushrooms_instructions.webm,75,-0.02479225053172194,0.22197246002635243,0.974737693589112
P_08,1491591937547_13_-study-where_to_find_morel_mushrooms_instructions.webm,76,-0.027174150977420746,0.22205876099744337,0.9746545399180865
P_08,1491591937547_13_-study-where_to_find_morel_mushrooms_instructions.webm,77,-0.027430861486956903,0.2219534561204547,0.9746713349402806
P_08,1491591937547_13_-study-where_to_find_morel_mushrooms_instructions.webm,78,-0.026287063178109988,0.22227780391810043,0.974628938722228
P_08,1491591937547_13_-study-where_to_find_morel_mushrooms_instructions.webm,79,-0.02614622004491473,0.2227658621624281,0.9745212905998477
P_08,1491591937547_13_-study-where_to_find_morel_mushrooms_instructions.webm,80,-0.026405307407597844,0.22254611769168448,0.9745645105589826
P_08,1491591937547_13_-study-where_to_find_morel_mushrooms_instructions.webm,81,-0.02570422824688041,0.22263918237682048,0.9745619975767643
P_08,1491591937547_13_-study-where_to_find_morel_mushrooms_instructions.webm,82,-0.02584981933659711,0.2224677188988653,0.9745973019089477
P_08,1491591937547_13_-study-where_to_find_morel_mushrooms_instructions.webm,83,-0.02662980304544329,0.22259185707545687,0.9745479561075793
P_08,1491591937547_13_-study-where_to_find_morel_mushrooms_instructions.webm,84,-0.02549933758945925,0.2223317906161284,0.974637552459336
P_08,1491591937547_13_-study-where_to_find_morel_mushrooms_instructions.webm,85,-0.022555023146317743,0.22259029759459575,0.974651132635477
P_08,1491591937547_13_-study-where_to_find_morel_mushrooms_instructions.webm,86,-0.020664212361446953,0.22253490303992418,0.9747057028952341
P_08,1491591937547_13_-study-where_to_find_morel_mushrooms_instructions.webm,87,-0.020468225841223604,0.22266732576769074,0.9746795954396387
P_08,1491591937547_13_-study-where_to_find_morel_mushrooms_instructions.webm,88,-0.02019595345282254,0.22281351620750983,0.9746518662883569
P_08,1491591937547_13_-study-where_to_find_morel_mushrooms_instructions.webm,89,-0.020792370533790867,0.2221446086398769,0.974792003547332
P_08,1491591937547_13_-study-where_to_find_morel_mushrooms_instructions.webm,90,-0.02042825237504485,0.2229415630040869,0.9746177435231703
P_08,1491591937547_13_-study-where_to_find_morel_mushrooms_instructions.webm,91,-0.020123194072950466,0.22268401428967993,0.9746829673489407
P_08,1491591937547_13_-study-where_to_find_morel_mushrooms_instructions.webm,92,-0.021013539935408054,0.22206390479487187,0.9748056490022189
P_08,1491591937547_13_-study-where_to_find_morel_mushrooms_instructions.webm,93,-0.02051565712955753,0.22281769679728328,0.9746442334546982
P_08,1491591937547_13_-study-where_to_find_morel_mushrooms_instructions.webm,94,-0.02053669089537042,0.2228239770530859,0.9746423547011046
P_08,1491591937547_13_-study-where_to_find_morel_mushrooms_instructions.webm,95,-0.021480033485982125,0.2219556735072868,0.9748201306699444
P_08,1491591937547_13_-study-where_to_find_morel_mushrooms_instructions.webm,96,-0.021494905946569394,0.2228581320034259,0.9746138835550681
P_08,1491591937547_13_-study-where_to_find_morel_mushrooms_instructions.webm,97,-0.021012529926472304,0.22273589619236783,0.9746523452664914
P_08,1491591937547_13_-study-where_to_find_morel_mushrooms_instructions.webm,98,-0.021853159917520168,0.2220760630498594,0.9747844180237466
P_08,1491591937547_13_-study-where_to_find_morel_mushrooms_instructions.webm,99,-0.020871579148735463,0.2228738836580287,0.9746238295706839
P_08,1491591937547_14_-study-where_to_find_morel_mushrooms.webm,0,-0.02976447373566409,0.22706820609109044,0.9734239086265619
P_08,1491591937547_14_-study-where_to_find_morel_mushrooms.webm,1,-0.030248084752652057,0.22679269734893392,0.9734732280848772
P_08,1491591937547_14_-study-where_to_find_morel_mushrooms.webm,2,-0.03272767998860483,0.22673317562719672,0.9734068861645526
P_08,1491591937547_14_-study-where_to_find_morel_mushrooms.webm,3,-0.029673085760475625,0.22635343212380626,0.973593155146042
P_08,1491591937547_14_-study-where_to_find_morel_mushrooms.webm,4,-0.031063992172081046,0.22561227126832162,0.9737217936574504
P_08,1491591937547_14_-study-where_to_find_morel_mushrooms.webm,5,-0.03064389582168473,0.22596594414911617,0.973653092088588
P_08,1491591937547_14_-study-where_to_find_morel_mushrooms.webm,6,-0.026693746083207164,0.22546827908959857,0.9738847462838814
P_08,1491591937547_14_-study-where_to_find_morel_mushrooms.webm,7,-0.030595388662104244,0.22462971404510512,0.9739637640901375
P_08,1491591937547_14_-study-where_to_find_morel_mushrooms.webm,8,-0.028760081581782077,0.22551782451104674,0.9738144425583418
P_08,1491591937547_14_-study-where_to_find_morel_mushrooms.webm,9,-0.026680394907210164,0.22522261406981461,0.9739419544506513
P_08,1491591937547_14_-study-where_to_find_morel_mushrooms.webm,10,-0.028848922454630384,0.22453670125223169,0.9740385051238851
P_08,1491591937547_14_-study-where_to_find_morel_mushrooms.webm,11,-0.028263233567147238,0.224800946049998,0.973994724977171
P_08,1491591937547_14_-study-where_to_find_morel_mushrooms.webm,12,-0.026532567265747944,0.224418214747692,0.9741316583315356
P_08,1491591937547_14_-study-where_to_find_morel_mushrooms.webm,13,-0.026205710265963827,0.2244390346241753,0.9741357094811917
P_08,1491591937547_14_-study-where_to_find_morel_mushrooms.webm,14,-0.026991506517797907,0.2250859684769624,0.9739649713263242
P_08,1491591937547_14_-study-where_to_find_morel_mushrooms.webm,15,-0.02665389237974543,0.22434117948088492,0.9741460902811931
P_08,1491591937547_14_-study-where_to_find_morel_mushrooms.webm,16,-0.02735704198667878,0.22403875253842587,0.9741961966743482
P_08,1491591937547_14_-study-where_to_find_morel_mushrooms.webm,17,-0.025347558296832728,0.22509020274395022,0.9740081631675764
P_08,1491591937547_14_-study-where_to_find_morel_mushrooms.webm,18,-0.02540090967941755,0.22449833864829058,0.9741433620015154
P_08,1491591937547_14_-study-where_to_find_morel_mushrooms.webm,19,-0.025760574899540648,0.22403430517384337,0.9742407417502711
P_08,1491591937547_14_-study-where_to_find_morel_mushrooms.webm,20,-0.025383258013528396,0.22425609914993153,0.9741996162012561
P_08,1491591937547_14_-study-where_to_find_morel_mushrooms.webm,21,-0.02491834432401694,0.2242542838326594,0.9742120366218283
P_08,1491591937547_14_-study-where_to_find_morel_mushrooms.webm,22,-0.02567369347309581,0.22437618871950582,0.9741643533814806
P_08,1491591937547_14_-study-where_to_find_morel_mushrooms.webm,23,-0.024194089191267882,0.22471274649417466,0.9741246468554472
P_08,1491591937547_14_-study-where_to_find_morel_mushrooms.webm,24,-0.02352523738184334,0.2243617790779389,0.9742219230211923
P_08,1491591937547_14_-study-where_to_find_morel_mushrooms.webm,25,-0.024489060143577452,0.22386805047179226,0.9743117478052101
P_08,1491591937547_14_-study-where_to_find_morel_mushrooms.webm,26,-0.0233589046202553,0.22455983447365807,0.9741802925106343
P_08,1491591937547_14_-study-where_to_find_morel_mushrooms.webm,27,-0.02371633504536936,0.2247201986961601,0.9741346763923221
P_08,1491591937547_14_-study-where_to_find_morel_mushrooms.webm,28,-0.02447392469181863,0.2243784213420484,0.9741947192662407
P_08,1491591937547_14_-study-where_to_find_morel_mushrooms.webm,29,-0.02260703902851719,0.22531690649920044,0.9740232099041549
P_08,1491591937547_14_-study-where_to_find_morel_mushrooms.webm,30,-0.022529030453916632,0.22474522604491787,0.9741570849492525
P_08,1491591937547_14_-study-where_to_find_morel_mushrooms.webm,31,-0.023292376125025802,0.22434006274679583,0.9742325191971443
P_08,1491591937547_14_-study-where_to_find_morel_mushrooms.webm,32,-0.022136390023570648,0.22496872195917683,0.9741144975703724
P_08,1491591937547_14_-study-where_to_find_morel_mushrooms.webm,33,-0.02256795733795785,0.2247124189638389,0.9741637521818457
P_08,1491591937547_14_-study-where_to_find_morel_mushrooms.webm,34,-0.023141819881274853,0.22403131277504224,0.9743071523235749
P_08,1491591937547_14_-study-where_to_find_morel_mushrooms.webm,35,-0.021763885420716517,0.22463526914138263,0.9741998404584002
P_08,1491591937547_14_-study-where_to_find_morel_mushrooms.webm,36,-0.02244172102033142,0.2245016407187969,0.9742152649554481
P_08,1491591937547_14_-study-where_to_find_morel_mushrooms.webm,37,-0.023545200539848116,0.22358308145127131,0.9744004460283731
P_08,1491591937547_14_-study-where_to_find_morel_mushrooms.webm,38,-0.022974279305789116,0.22417957859163448,0.9742770134991673
P_08,1491591937547_14_-study-where_to_find_morel_mushrooms.webm,39,-0.023702421292291664,0.2235974232406068,0.9743933433398668
P_08,1491591937547_14_-study-where_to_find_morel_mushrooms.webm,40,-0.02428347944711367,0.22312854592890205,0.9744865133071856
P_08,1491591937547_14_-study-where_to_find_morel_mushrooms.webm,41,-0.023639804108077245,0.22349866041250838,0.9744175226541988
P_08,1491591937547_14_-study-where_to_find_morel_mushrooms.webm,42,-0.023823289872781688,0.22345379286642456,0.974423343990304
P_08,1491591937547_14_-study-where_to_find_morel_mushrooms.webm,43,-0.02390461713234303,0.22278051984699,0.9745755020810142
P_08,1491591937547_14_-study-where_to_find_morel_mushrooms.webm,44,-0.023536409897262085,0.22308937351040314,0.9745138115162266
P_08,1491591937547_14_-study-where_to_find_morel_mushrooms.webm,45,-0.02425737151858426,0.22267977997825464,0.9745898088508033
P_08,1491591937547_14_-study-where_to_find_morel_mushrooms.webm,46,-0.024414644033676956,0.22218608552229982,0.974698552659737
P_08,1491591937547_14_-study-where_to_find_morel_mushrooms.webm,47,-0.02336833706576028,0.2223229143181678,0.9746929991499158
P_08,1491591937547_14_-study-where_to_find_morel_mushrooms.webm,48,-0.02430877911384388,0.22230213378694244,0.9746747378339949
P_08,1491591937547_14_-study-where_to_find_morel_mushrooms.webm,49,-0.025204010532128594,0.22173378062207508,0.9747814567297318
P_08,1491591937547_14_-study-where_to_find_morel_mushrooms.webm,50,-0.023419936269335924,0.22245346318421075,0.9746619738670895
P_08,1491591937547_14_-study-where_to_find_morel_mushrooms.webm,51,-0.023561631947136653,0.22240100993390952,0.9746705290919412
P_08,1491591937547_14_-study-where_to_find_morel_mushrooms.webm,52,-0.02445928194207317,0.22207104957720056,0.9747236492804301
P_08,1491591937547_14_-study-where_to_find_morel_mushrooms.webm,53,-0.023612508109412827,0.22262938942118735,0.9746171578762259
P_08,1491591937547_14_-study-where_to_find_morel_mushrooms.webm,54,-0.023850069137695374,0.2224594001887684,0.9746501882571923
P_08,1491591937547_14_-study-where_to_find_morel_mushrooms.webm,55,-0.024000936048122454,0.22212289370031743,0.974723230031485
P_08,1491591937547_14_-study-where_to_find_morel_mushrooms.webm,56,-0.023195935983223323,0.22301942348009934,0.9745379855626286
P_08,1491591937547_14_-study-where_to_find_morel_mushrooms.webm,57,-0.023770891806304643,0.22307400606439165,0.9745116379608387
P_08,1491591937547_14_-study-where_to_find_morel_mushrooms.webm,58,-0.024102381991350702,0.22287990232774174,0.9745479076580686
P_08,1491591937547_14_-study-where_to_find_morel_mushrooms.webm,59,-0.023243792475397325,0.22349141132002798,0.9744287122091296
P_08,1491591937547_14_-study-where_to_find_morel_mushrooms.webm,60,-0.023400751921230215,0.22363633709076639,0.974391704368498
P_08,1491591937547_14_-study-where_to_find_morel_mushrooms.webm,61,-0.023417614902221138,0.22315912390040477,0.9745007033000517
P_08,1491591937547_14_-study-where_to_find_morel_mushrooms.webm,62,-0.022204237123817618,0.2238194826379524,0.9743776531948117
P_08,1491591937547_14_-study-where_to_find_morel_mushrooms.webm,63,-0.022946259860581884,0.2237506620674561,0.9743762673540369
P_08,1491591937547_14_-study-where_to_find_morel_mushrooms.webm,64,-0.02307731432303866,0.22324745473875496,0.9744885897312
P_08,1491591937547_14_-study-where_to_find_morel_mushrooms.webm,65,-0.02253956234506079,0.2235944448008665,0.9744216194150689
P_08,1491591937547_14_-study-where_to_find_morel_mushrooms.webm,66,-0.02324536651890772,0.22375537708847587,0.9743680947975439
P_08,1491591937547_14_-study-where_to_find_morel_mushrooms.webm,67,-0.02343797949274569,0.22323236369596366,0.9744834390157745
P_08,1491591937547_14_-study-where_to_find_morel_mushrooms.webm,68,-0.021786899332359624,0.22533178402134177,0.9740384582382982
P_08,1491591937547_14_-study-where_to_find_morel_mushrooms.webm,69,-0.02130867410765846,0.22735890019245422,0.9735778710052172
P_08,1491591937547_14_-study-where_to_find_morel_mushrooms.webm,70,-0.024183004237133533,0.22792073699978543,0.9733793299385094
P_08,1491591937547_14_-study-where_to_find_morel_mushrooms.webm,71,-0.021739423009566376,0.227060322693603,0.9736380268587953
P_08,1491591937547_14_-study-where_to_find_morel_mushrooms.webm,72,-0.022237741753708636,0.22616001787482934,0.9738362948445453
P_08,1491591937547_14_-study-where_to_find_morel_mushrooms.webm,73,-0.02422042027425872,0.22503614384766915,0.9740493340708722
P_08,1491591937547_14_-study-where_to_find_morel_mushrooms.webm,74,-0.021175580458362177,0.2256160462456989,0.9739861366922581
P_08,1491591937547_14_-study-where_to_find_morel_mushrooms.webm,75,-0.021883277174291928,0.22466448381970092,0.9741904289666063
P_08,1491591937547_14_-study-where_to_find_morel_mushrooms.webm,76,-0.021984898110228877,0.2241256904335395,0.9743122390398121
P_08,1491591937547_14_-study-where_to_find_morel_mushrooms.webm,77,-0.02032204169715775,0.2244655556545119,0.9742701006117195
P_08,1491591937547_14_-study-where_to_find_morel_mushrooms.webm,78,-0.020947656601690977,0.22460409193352324,0.9742249214476167
P_08,1491591937547_14_-study-where_to_find_morel_mushrooms.webm,79,-0.022593237237737332,0.22364192684413406,0.9744094797304481
P_08,1491591937547_14_-study-where_to_find_morel_mushrooms.webm,80,-0.02154143971215307,0.22445568823344053,0.9742461754581231
P_08,1491591937547_14_-study-where_to_find_morel_mushrooms.webm,81,-0.02139446800375329,0.22435732915589496,0.9742720695949718
P_08,1491591937547_14_-study-where_to_find_morel_mushrooms.webm,82,-0.022038003196987132,0.22359018663507021,0.9744340690142069
P_08,1491591937547_14_-study-where_to_find_morel_mushrooms.webm,83,-0.01992949861593254,0.22452793205244398,0.9742638363467931
P_08,1491591937547_14_-study-where_to_find_morel_mushrooms.webm,84,-0.02152738803729495,0.22430275449273132,0.9742817076653266
P_08,1491591937547_14_-study-where_to_find_morel_mushrooms.webm,85,-0.02239551670091566,0.22362678376276077,0.9744175195549506
P_08,1491591937547_14_-study-where_to_find_morel_mushrooms.webm,86,-0.02088125740722708,0.22473322743462487,0.9741965661897554
P_08,1491591937547_14_-study-where_to_find_morel_mushrooms.webm,87,-0.021551124338636898,0.22475048589823388,0.9741779961219862
P_08,1491591937547_14_-study-where_to_find_morel_mushrooms.webm,88,-0.02224332423505158,0.22406445459587127,0.9743204579159923
P_08,1491591937547_14_-study-where_to_find_morel_mushrooms.webm,89,-0.019910752173741657,0.22471840840356605,0.9742203030487735
P_08,1491591937547_14_-study-where_to_find_morel_mushrooms.webm,90,-0.021219305616899498,0.22445315425825396,0.9742538286363862
P_08,1491591937547_14_-study-where_to_find_morel_mushrooms.webm,91,-0.021219531172897307,0.22360200930338064,0.9744495230294349
P_08,1491591937547_14_-study-where_to_find_morel_mushrooms.webm,92,-0.019476273516950922,0.2247058864909997,0.9742319740935352
P_08,1491591937547_14_-study-where_to_find_morel_mushrooms.webm,93,-0.020438140083303965,0.22444001639787028,0.9742735557682243
P_08,1491591937547_14_-study-where_to_find_morel_mushrooms.webm,94,-0.020035771383357916,0.22345183412447053,0.9745090280194862
P_08,1491591937547_14_-study-where_to_find_morel_mushrooms.webm,95,-0.019127381018039232,0.2250115249444667,0.9741683411698189
P_08,1491591937547_14_-study-where_to_find_morel_mushrooms.webm,96,-0.020028637667131925,0.2250336812625154,0.9741451103252735
P_08,1491591937547_14_-study-where_to_find_morel_mushrooms.webm,97,-0.02078905718742354,0.22483416286044058,0.9741752482546981
P_08,1491591937547_14_-study-where_to_find_morel_mushrooms.webm,98,-0.019387664564652334,0.2255710312819751,0.9740337921802892
P_08,1491591937547_14_-study-where_to_find_morel_mushrooms.webm,99,-0.020411180594832407,0.22535775358844587,0.974062249861011
P_08,1491591937547_16_-study-tooth_abscess_instructions.webm,0,-9.18414297195617e-05,0.2259518940224966,0.9741384568698631
P_08,1491591937547_16_-study-tooth_abscess_instructions.webm,1,0.00031827928145268546,0.2260643081203604,0.9741123278618138
P_08,1491591937547_16_-study-tooth_abscess_instructions.webm,2,-0.0020513405104604665,0.22511377949636927,0.9743303229823909
P_08,1491591937547_16_-study-tooth_abscess_instructions.webm,3,-0.0008680577459554047,0.22623705472200206,0.974071887258052
P_08,1491591937547_16_-study-tooth_abscess_instructions.webm,4,-0.0017595364378776748,0.22628063869866474,0.974060561044152
P_08,1491591937547_16_-study-tooth_abscess_instructions.webm,5,-0.001858514517397712,0.22712312823587916,0.9738642772707792
P_08,1491591937547_16_-study-tooth_abscess_instructions.webm,6,-0.0012627942354782795,0.22674339756620432,0.9739537139981822
P_08,1491591937547_16_-study-tooth_abscess_instructions.webm,7,-0.0013733301698697039,0.22734671904558082,0.9738129098052942
P_08,1491591937547_16_-study-tooth_abscess_instructions.webm,8,-0.0009052443707335934,0.2279122168225177,0.9736812630197189
P_08,1491591937547_16_-study-tooth_abscess_instructions.webm,9,-0.0002446600703670193,0.2289807352284252,0.9734309236076794
P_08,1491591937547_16_-study-tooth_abscess_instructions.webm,10,-0.0011342730858980112,0.22879744823424408,0.9734733900349125
P_08,1491591937547_16_-study-tooth_abscess_instructions.webm,11,-0.0003881689525950398,0.22950847556120194,0.9733065852908
P_08,1491591937547_16_-study-tooth_abscess_instructions.webm,12,-0.00042550106731649407,0.22950484485743852,0.9733074258094433
P_08,1491591937547_16_-study-tooth_abscess_instructions.webm,13,-0.0027880954240780227,0.22946204023320455,0.9733136178107864
P_08,1491591937547_16_-study-tooth_abscess_instructions.webm,14,-0.0009985608592022568,0.23045577065721132,0.9730822887335898
P_08,1491591937547_16_-study-tooth_abscess_instructions.webm,15,-0.0007702491302810257,0.23111884113505807,0.9729252221978136
P_08,1491591937547_16_-study-tooth_abscess_instructions.webm,16,-0.0019235206935497575,0.230756715886442,0.9730095776206138
P_08,1491591937547_16_-study-tooth_abscess_instructions.webm,17,-0.0003122454722986799,0.23158266745670367,0.9728151780458624
P_08,1491591937547_16_-study-tooth_abscess_instructions.webm,18,-0.0007341003630501283,0.23123307544430965,0.9728981066469515
P_08,1491591937547_16_-study-tooth_abscess_instructions.webm,19,-0.0004796073262656589,0.23228253440887472,0.9726482376406193
P_08,1491591937547_16_-study-tooth_abscess_instructions.webm,20,-0.0007664073848051154,0.23189130001233002,0.9727414032507878
P_08,1491591937547_16_-study-tooth_abscess_instructions.webm,21,-0.0003359145412761209,0.23197172567923016,0.9727224710300576
P_08,1491591937547_16_-study-tooth_abscess_instructions.webm,22,-0.0021540028375470937,0.2318165449750727,0.97275713811187
P_08,1491591937547_16_-study-tooth_abscess_instructions.webm,23,-0.0007264775005288331,0.23195162648588633,0.9727270507192617
P_08,1491591937547_16_-study-tooth_abscess_instructions.webm,24,-0.00031589404185297236,0.23182749552750467,0.9727568619796003
P_08,1491591937547_16_-study-tooth_abscess_instructions.webm,25,-0.0020320974371379934,0.2319354365583049,0.9727290598355303
P_08,1491591937547_16_-study-tooth_abscess_instructions.webm,26,-0.0003440927375383089,0.23244880386531042,0.9726085724389717
P_08,1491591937547_16_-study-tooth_abscess_instructions.webm,27,-0.0005248912436209681,0.2320111772052085,0.9727129782937183
P_08,1491591937547_16_-study-tooth_abscess_instructions.webm,28,0.0003929091126370157,0.233007363184076,0.9724748913593777
P_08,1491591937547_16_-study-tooth_abscess_instructions.webm,29,-5.225338018082705e-05,0.2319714092968363,0.9727226030777859
P_08,1491591937547_16_-study-tooth_abscess_instructions.webm,30,0.00013811211425954035,0.23177494347770228,0.9727694261750581
P_08,1491591937547_16_-study-tooth_abscess_instructions.webm,31,-0.00119183339426347,0.2313979312595446,0.9728584567869898
P_08,1491591937547_16_-study-tooth_abscess_instructions.webm,32,0.0009711542890656555,0.23150220338875965,0.9728338947042791
P_08,1491591937547_16_-study-tooth_abscess_instructions.webm,33,0.0009998776475579386,0.23112123690924563,0.972924444185791
P_08,1491591937547_16_-study-tooth_abscess_instructions.webm,34,0.0003976121297156218,0.23159006848705424,0.972813385024464
P_08,1491591937547_16_-study-tooth_abscess_instructions.webm,35,0.000775285976984523,0.23085645286401013,0.972987511277869
P_08,1491591937547_16_-study-tooth_abscess_instructions.webm,36,0.00045528742094366016,0.23084820782158383,0.9729896698623922
P_08,1491591937547_16_-study-tooth_abscess_instructions.webm,37,-0.0006376295429126551,0.23005662307114289,0.9731770361088818
P_08,1491591937547_16_-study-tooth_abscess_instructions.webm,38,0.0003882744066174402,0.23023625351996002,0.9731346858519008
P_08,1491591937547_16_-study-tooth_abscess_instructions.webm,39,0.000767171733943176,0.22981953350368195,0.9732329595054211
P_08,1491591937547_16_-study-tooth_abscess_instructions.webm,40,-0.0005799135437427283,0.22985189744012477,0.9732254461035511
P_08,1491591937547_16_-study-tooth_abscess_instructions.webm,41,0.0004505308130583478,0.22926767848505875,0.9733633076215984
P_08,1491591937547_16_-study-tooth_abscess_instructions.webm,42,0.00026948625797479624,0.22908513462558117,0.9734063532105881
P_08,1491591937547_16_-study-tooth_abscess_instructions.webm,43,-0.00017001217703957613,0.2287217916435107,0.9734918146154298
P_08,1491591937547_16_-study-tooth_abscess_instructions.webm,44,-0.000137846701054752,0.2284455821490546,0.9735566737457386
P_08,1491591937547_16_-study-tooth_abscess_instructions.webm,45,7.175030718061151e-05,0.22855733950865081,0.9735304501702146
P_08,1491591937547_16_-study-tooth_abscess_instructions.webm,46,-0.001632732655993238,0.2269243263747722,0.973911024828978
P_08,1491591937547_16_-study-tooth_abscess_instructions.webm,47,-0.00168550915458762,0.22646824953199174,0.9740170896923755
P_08,1491591937547_16_-study-tooth_abscess_instructions.webm,48,-0.0016378465283740519,0.22624240034030227,0.9740696554903083
P_08,1491591937547_16_-study-tooth_abscess_instructions.webm,49,-0.0028507062858537345,0.22543028119155242,0.974255131777898
P_08,1491591937547_16_-study-tooth_abscess_instructions.webm,50,-0.0030950228386659893,0.22481248342124774,0.9743971306051754
P_08,1491591937547_16_-study-tooth_abscess_instructions.webm,51,-0.002798957013118685,0.22443702100220217,0.9744845762983095
P_08,1491591937547_16_-study-tooth_abscess_instructions.webm,52,-0.0034467399687709904,0.22369168406101567,0.9746538618738113
P_08,1491591937547_16_-study-tooth_abscess_instructions.webm,53,-0.0034296235062231035,0.22366564873805583,0.9746598972242524
P_08,1491591937547_16_-study-tooth_abscess_instructions.webm,54,-0.0024449609303100997,0.22389503199572824,0.9746101973679944
P_08,1491591937547_16_-study-tooth_abscess_instructions.webm,55,-0.0032052009469537394,0.2233859843483099,0.9747247963828694
P_08,1491591937547_16_-study-tooth_abscess_instructions.webm,56,-0.003104590907488679,0.22370360677728315,0.9746522753424074
P_08,1491591937547_16_-study-tooth_abscess_instructions.webm,57,-0.002869783465207009,0.2240817966192716,0.9745661151336743
P_08,1491591937547_16_-study-tooth_abscess_instructions.webm,58,-0.003806640207966204,0.22328703521996296,0.9747453048837968
P_08,1491591937547_16_-study-tooth_abscess_instructions.webm,59,-0.0032141022691021324,0.2232157342720951,0.9747637690845783
P_08,1491591937547_16_-study-tooth_abscess_instructions.webm,60,-0.0029125231378937435,0.2232326676857196,0.9747608390199559
P_08,1491591937547_16_-study-tooth_abscess_instructions.webm,61,-0.004635279406648324,0.22326055725464664,0.9747477816128473
P_08,1491591937547_16_-study-tooth_abscess_instructions.webm,62,-0.0046256851668510755,0.22308078574982743,0.9747889854045216
P_08,1491591937547_16_-study-tooth_abscess_instructions.webm,63,-0.0043181434421971435,0.22272206840008296,0.9748724192861348
P_08,1491591937547_16_-study-tooth_abscess_instructions.webm,64,-0.004918371063428232,0.22310200604447217,0.9747826960533382
P_08,1491591937547_16_-study-tooth_abscess_instructions.webm,65,-0.004423124110124654,0.2233255516176908,0.9747338785369885
P_08,1491591937547_16_-study-tooth_abscess_instructions.webm,66,-0.003426649295194982,0.22270535858603271,0.9748797778863166
P_08,1491591937547_16_-study-tooth_abscess_instructions.webm,67,-0.0043258619659280245,0.22290335134028386,0.9748309509240676
P_08,1491591937547_16_-study-tooth_abscess_instructions.webm,68,-0.005012504422888727,0.22367165980185202,0.9746516625958708
P_08,1491591937547_16_-study-tooth_abscess_instructions.webm,69,-0.0049811438826862725,0.22367613742571196,0.9746507957991591
P_08,1491591937547_16_-study-tooth_abscess_instructions.webm,70,-0.005258433603474124,0.223979454180151,0.9745796801602215
P_08,1491591937547_16_-study-tooth_abscess_instructions.webm,71,-0.004826965424088974,0.2238946378515157,0.9746014013668015
P_08,1491591937547_16_-study-tooth_abscess_instructions.webm,72,-0.004457622120213548,0.22391819664590507,0.9745977482099368
P_08,1491591937547_16_-study-tooth_abscess_instructions.webm,73,-0.005243171485638621,0.22402606684928744,0.9745690486183167
P_08,1491591937547_16_-study-tooth_abscess_instructions.webm,74,-0.004754273931546336,0.22441867836554705,0.9744812228463128
P_08,1491591937547_16_-study-tooth_abscess_instructions.webm,75,-0.0038371530295350214,0.22452706224605773,0.9744602991275647
P_08,1491591937547_16_-study-tooth_abscess_instructions.webm,76,-0.0047066991033778505,0.22467146887813239,0.9744232027490379
P_08,1491591937547_16_-study-tooth_abscess_instructions.webm,77,-0.004079876126798188,0.22526213564968348,0.9742896514144721
P_08,1491591937547_16_-study-tooth_abscess_instructions.webm,78,-0.0031313838960082886,0.22531527435238655,0.974280874069898
P_08,1491591937547_16_-study-tooth_abscess_instructions.webm,79,-0.004071544607984921,0.225395567949145,0.9742588262229847
P_08,1491591937547_16_-study-tooth_abscess_instructions.webm,80,-0.0032505428803043476,0.226144992685,0.9740882281674924
P_08,1491591937547_16_-study-tooth_abscess_instructions.webm,81,-0.0028609633844446218,0.22610132619817355,0.9740995868903447
P_08,1491591937547_16_-study-tooth_abscess_instructions.webm,82,-0.003480443381120763,0.2259704994918726,0.9741279278787075
P_08,1491591937547_16_-study-tooth_abscess_instructions.webm,83,-0.0026549537805675497,0.22634841338530592,0.974042784983482
P_08,1491591937547_16_-study-tooth_abscess_instructions.webm,84,-0.0017181361999826417,0.22710490770461794,0.9738687842335205
P_08,1491591937547_16_-study-tooth_abscess_instructions.webm,85,-0.0032940546417278512,0.22679590009269102,0.9739367376298952
P_08,1491591937547_16_-study-tooth_abscess_instructions.webm,86,-0.0022771938077742406,0.22756754657535352,0.9737596346809801
P_08,1491591937547_16_-study-tooth_abscess_instructions.webm,87,-0.0018400696226903526,0.2273877205919448,0.9738025665748593
P_08,1491591937547_16_-study-tooth_abscess_instructions.webm,88,-0.0031812030201304148,0.2275974740004774,0.9737501064318026
P_08,1491591937547_16_-study-tooth_abscess_instructions.webm,89,-0.002332352593972726,0.228177967226048,0.9736166470454201
P_08,1491591937547_16_-study-tooth_abscess_instructions.webm,90,-0.0021131611511536357,0.22764591339118984,0.9737416868277953
P_08,1491591937547_16_-study-tooth_abscess_instructions.webm,91,-0.002858420910165655,0.2280344283556579,0.9736488735239252
P_08,1491591937547_16_-study-tooth_abscess_instructions.webm,92,-0.002187076957432112,0.22808215529390638,0.9736394338413316
P_08,1491591937547_16_-study-tooth_abscess_instructions.webm,93,-0.0014075496400196995,0.22913650872975672,0.973393280833163
P_08,1491591937547_16_-study-tooth_abscess_instructions.webm,94,-0.003071132530214986,0.22912501792484946,0.9733921585393625
P_08,1491591937547_16_-study-tooth_abscess_instructions.webm,95,-0.0017348779367522991,0.22954642496829086,0.9732961671468872
P_08,1491591937547_19_-study-dot_test_final_instructions.webm,0,-0.026169410652513103,0.219535412407936,0.975253487379039
P_08,1491591937547_19_-study-dot_test_final_instructions.webm,1,-0.026708776987023848,0.21963844498024032,0.9752156657470795
P_08,1491591937547_19_-study-dot_test_final_instructions.webm,2,-0.026569236663445815,0.22088843198057018,0.9749371140131485
P_08,1491591937547_19_-study-dot_test_final_instructions.webm,3,-0.025917634506961013,0.22036308309553676,0.975073529448007
P_08,1491591937547_19_-study-dot_test_final_instructions.webm,4,-0.025641621896109145,0.22094557622645455,0.9749490035753137
P_08,1491591937547_19_-study-dot_test_final_instructions.webm,5,-0.02674427840232401,0.2219098106916676,0.9747003536941634
P_08,1491591937547_19_-study-dot_test_final_instructions.webm,6,-0.025448321771243187,0.22085853231844566,0.9749737902226753
P_08,1491591937547_19_-study-dot_test_final_instructions.webm,7,-0.024728024970746436,0.22114264482591028,0.9749279231925032
P_08,1491591937547_19_-study-dot_test_final_instructions.webm,8,-0.026715774968927124,0.2218352190432074,0.9747181146156368
P_08,1491591937547_19_-study-dot_test_final_instructions.webm,9,-0.025368333421964557,0.2216369539094294,0.9747992143621893
P_08,1491591937547_19_-study-dot_test_final_instructions.webm,10,-0.025689839110184663,0.2215376761466877,0.9748133617334235
P_08,1491591937547_19_-study-dot_test_final_instructions.webm,11,-0.026584687431905864,0.2219195378532722,0.974702504928113
P_08,1491591937547_19_-study-dot_test_final_instructions.webm,12,-0.02665483080159306,0.2220780487426034,0.9746644859958816
P_08,1491591937547_19_-study-dot_test_final_instructions.webm,13,-0.024837484183564153,0.22149811008952205,0.9748444422605081
P_08,1491591937547_19_-study-dot_test_final_instructions.webm,14,-0.026158266717442428,0.22221560248740088,0.9746465877914418
P_08,1491591937547_19_-study-dot_test_final_instructions.webm,15,-0.02478989778767919,0.2218924083259109,0.9747559797687849
P_08,1491591937547_19_-study-dot_test_final_instructions.webm,16,-0.024839747848848546,0.22205698056261103,0.9747172330015622
P_08,1491591937547_19_-study-dot_test_final_instructions.webm,17,-0.025977589515710213,0.22180484678771786,0.9747449793584116
P_08,1491591937547_19_-study-dot_test_final_instructions.webm,18,-0.024729459217141297,0.22136271955998593,0.9748779411987096
P_08,1491591937547_19_-study-dot_test_final_instructions.webm,19,-0.02546582061946721,0.22153676398766536,0.9748194469654627
P_08,1491591937547_19_-study-dot_test_final_instructions.webm,20,-0.025967639336318727,0.22155677628454762,0.9748016601287145
P_08,1491591937547_19_-study-dot_test_final_instructions.webm,21,-0.024606675102838472,0.221536614847527,0.9748415460074944
P_08,1491591937547_19_-study-dot_test_final_instructions.webm,22,-0.025623736212833273,0.22085281623950084,0.9749704906824495
P_08,1491591937547_19_-study-dot_test_final_instructions.webm,23,-0.026506935004332457,0.22164316559502265,0.974767505378433
P_08,1491591937547_19_-study-dot_test_final_instructions.webm,24,-0.024927810554687225,0.221049608633426,0.9749439341746574
P_08,1491591937547_19_-study-dot_test_final_instructions.webm,25,-0.02467244043633212,0.2214299200689082,0.974864124471299
P_08,1491591937547_19_-study-dot_test_final_instructions.webm,26,-0.02507039643164629,0.22208792846894132,0.9747042768199669
P_08,1491591937547_19_-study-dot_test_final_instructions.webm,27,-0.023611886491732886,0.22214809350771836,0.9747269891447489
P_08,1491591937547_19_-study-dot_test_final_instructions.webm,28,-0.023428232512883992,0.2221976825949518,0.9747201176598107
P_08,1491591937547_19_-study-dot_test_final_instructions.webm,29,-0.023793049474524635,0.22308757632308254,0.974507990776369
P_08,1491591937547_19_-study-dot_test_final_instructions.webm,30,-0.022880483254170126,0.22217656042075434,0.9747379440063153
P_08,1491591937547_19_-study-dot_test_final_instructions.webm,31,-0.022712966022649245,0.22244309470671386,0.9746810713211547
P_08,1491591937547_19_-study-dot_test_final_instructions.webm,32,-0.0237240753294475,0.2231154002952627,0.9745033024063322
P_08,1491591937547_19_-study-dot_test_final_instructions.webm,33,-0.022970797580036586,0.2227720938387989,0.9745998854223278
P_08,1491591937547_19_-study-dot_test_final_instructions.webm,34,-0.022957984308642414,0.22264200464999678,0.9746299137220829
P_08,1491591937547_19_-study-dot_test_final_instructions.webm,35,-0.024052287337889756,0.22230453496162358,0.9746805534170218
P_08,1491591937547_19_-study-dot_test_final_instructions.webm,36,-0.02329348583652735,0.22227641750837446,0.9747053953565796
P_08,1491591937547_19_-study-dot_test_final_instructions.webm,37,-0.02443619935256694,0.22203599223987053,0.9747322146678326
P_08,1491591937547_19_-study-dot_test_final_instructions.webm,38,-0.026310977089467526,0.2224597961968732,0.9745867696416995
P_08,1491591937547_19_-study-dot_test_final_instructions.webm,39,-0.024774116267742008,0.22244446073444016,0.9746305479779076
P_08,1491591937547_19_-study-dot_test_final_instructions.webm,40,-0.02515221443908737,0.2222880236013381,0.9746565552399579
P_08,1491591937547_19_-study-dot_test_final_instructions.webm,41,-0.026055893853670933,0.22256052582908306,0.9745706248077499
P_08,1491591937547_19_-study-dot_test_final_instructions.webm,42,-0.024900364266292756,0.2221414779921958,0.9746964325444352
P_08,1491591937547_19_-study-dot_test_final_instructions.webm,43,-0.025037700052205132,0.2224836930474876,0.974614857214914
P_08,1491591937547_19_-study-dot_test_final_instructions.webm,44,-0.02673038768172965,0.2232199039821134,0.9744015398389929
P_08,1491591937547_19_-study-dot_test_final_instructions.webm,45,-0.02549339238885812,0.22325846363324658,0.9744258542139724
P_08,1491591937547_19_-study-dot_test_final_instructions.webm,46,-0.025248563089385414,0.22326288641920267,0.9744312154327198
P_08,1491591937547_19_-study-dot_test_final_instructions.webm,47,-0.0268482492493633,0.2230622779540639,0.9744343957733574
P_08,1491591937547_19_-study-dot_test_final_instructions.webm,48,-0.025090275224339115,0.2226577003067065,0.974573766619693
P_08,1491591937547_19_-study-dot_test_final_instructions.webm,49,-0.0267277338013201,0.22336984381045355,0.9743672516674292
P_08,1491591937547_19_-study-dot_test_final_instructions.webm,50,-0.02781461065939549,0.22325068347653063,0.9743641412537347
P_08,1491591937547_19_-study-dot_test_final_instructions.webm,51,-0.026801060998378003,0.22330956446045713,0.97437905434684
P_08,1491591937547_19_-study-dot_test_final_instructions.webm,52,-0.02728910787077853,0.22296405260029345,0.9744446294375431
P_08,1491591937547_19_-study-dot_test_final_instructions.webm,53,-0.028156365500229184,0.22351859580297057,0.9742929007295935
P_08,1491591937547_19_-study-dot_test_final_instructions.webm,54,-0.02517789136516327,0.22488561163699125,0.9740598212969572
P_08,1491591937547_19_-study-dot_test_final_instructions.webm,55,-0.02648517214074262,0.22458850015099313,0.9740937025033076
P_08,1491591937547_19_-study-dot_test_final_instructions.webm,56,-0.02832607836096659,0.2239065183321242,0.9741989038862006
P_08,1491591937547_19_-study-dot_test_final_instructions.webm,57,-0.025715545237102164,0.224137007653544,0.9742183084572337
P_08,1491591937547_19_-study-dot_test_final_instructions.webm,58,-0.026798358319765583,0.22396330413743204,0.9742290728525862
P_08,1491591937547_19_-study-dot_test_final_instructions.webm,59,-0.027732487107631078,0.2239170305894952,0.9742135662013788
P_08,1491591937547_19_-study-dot_test_final_instructions.webm,60,-0.025816729837926468,0.22429416689213347,0.9741794614744449
P_08,1491591937547_19_-study-dot_test_final_instructions.webm,61,-0.027039510046568134,0.22408555294939161,0.9741942977947505
P_08,1491591937547_19_-study-dot_test_final_instructions.webm,62,-0.028787417657294083,0.22434110652010886,0.9740853928223939
P_08,1491591937547_19_-study-dot_test_final_instructions.webm,63,-0.02610589135107772,0.22520051742506286,0.9739626324393814
P_08,1491591937547_19_-study-dot_test_final_instructions.webm,64,-0.02732748630861494,0.2246063123003392,0.9740663288333576
P_08,1491591937547_19_-study-dot_test_final_instructions.webm,65,-0.02938009856832944,0.22472712131092182,0.9739787116541211
P_08,1491591937547_19_-study-dot_test_final_instructions.webm,66,-0.027422128177140574,0.22553520460890547,0.9738490121000563
P_08,1491591937547_19_-study-dot_test_final_instructions.webm,67,-0.028655802997387292,0.22565070892447195,0.973786733590296
P_08,1491591937547_19_-study-dot_test_final_instructions.webm,68,-0.030066885837339085,0.2258233589913025,0.9737041608773838
P_08,1491591937547_19_-study-dot_test_final_instructions.webm,69,-0.026768643072109483,0.22673454700011353,0.9735886631143214
P_08,1491591937547_19_-study-dot_test_final_instructions.webm,70,-0.028854649851603343,0.22625501843080667,0.9736406297072943
P_08,1491591937547_19_-study-dot_test_final_instructions.webm,71,-0.029888282364735324,0.2263631286903132,0.9735843181495984
P_08,1491591937547_19_-study-dot_test_final_instructions.webm,72,-0.027256795244021692,0.2269565578927284,0.9735233884928036
P_08,1491591937547_19_-study-dot_test_final_instructions.webm,73,-0.02908460883857397,0.22653869078299765,0.9735678235783229
P_08,1491591937547_19_-study-dot_test_final_instructions.webm,74,-0.030350992565636375,0.22731701825603412,0.9733477233041984
P_08,1491591937547_19_-study-dot_test_final_instructions.webm,75,-0.027564566919687335,0.22835397004699312,0.9731878847449279
P_08,1491591937547_19_-study-dot_test_final_instructions.webm,76,-0.029904288868133694,0.22768038939542232,0.9732766173046798
P_08,1491591937547_19_-study-dot_test_final_instructions.webm,77,-0.030708939853647664,0.22730399642766735,0.9733395369659428
P_08,1491591937547_19_-study-dot_test_final_instructions.webm,78,-0.030369380968603286,0.22740249253608796,0.973327183986946
P_08,1491591937547_19_-study-dot_test_final_instructions.webm,79,-0.029822649467321063,0.22765701890262724,0.9732845890710066
P_08,1491591937547_19_-study-dot_test_final_instructions.webm,80,-0.03091539695760298,0.22774752065569526,0.9732293178209017
P_08,1491591937547_19_-study-dot_test_final_instructions.webm,81,-0.028258220726649276,0.22846109213224916,0.9731428478610445
P_08,1491591937547_19_-study-dot_test_final_instructions.webm,82,-0.029660717729449258,0.2276280017065957,0.9732963241802755
P_08,1491591937547_19_-study-dot_test_final_instructions.webm,83,-0.03020843825306451,0.22736124200462737,0.9733418289030961
P_08,1491591937547_19_-study-dot_test_final_instructions.webm,84,-0.0281400231059019,0.22769241493407322,0.9733264114782303
P_08,1491591937547_19_-study-dot_test_final_instructions.webm,85,-0.029599970278397916,0.2274289235603395,0.973344711028782
P_08,1491591937547_19_-study-dot_test_final_instructions.webm,86,-0.030483358081925795,0.22763589619596253,0.9732690602516398
P_08,1491591937547_19_-study-dot_test_final_instructions.webm,87,-0.02785837889759616,0.22799497474276653,0.9732636858617725
P_08,1491591937547_19_-study-dot_test_final_instructions.webm,88,-0.029278641568592983,0.22780558195908063,0.9732663448286818
P_08,1491591937547_19_-study-dot_test_final_instructions.webm,89,-0.03012207663576235,0.22813033375469272,0.9731645345572976
P_08,1491591937547_19_-study-dot_test_final_instructions.webm,90,-0.0287820102397562,0.22837265797015296,0.9731482543673425
P_08,1491591937547_19_-study-dot_test_final_instructions.webm,91,-0.029575102777264488,0.22808179790265803,0.9731926873755297
P_08,1491591937547_19_-study-dot_test_final_instructions.webm,92,-0.03034338885663783,0.22806615116361942,0.9731727027851264
P_08,1491591937547_19_-study-dot_test_final_instructions.webm,93,-0.029768393176824136,0.228160188929371,0.97316841859741
P_08,1491591937547_19_-study-dot_test_final_instructions.webm,94,-0.029944412472188264,0.22812883041657137,0.9731703699221749
P_08,1491591937547_19_-study-dot_test_final_instructions.webm,95,-0.030585931144608135,0.2285638333534986,0.9730483415014751
P_08,1491591937547_19_-study-dot_test_final_instructions.webm,96,-0.029388916067787176,0.22831873213863924,0.973142768645467
P_08,1491591937547_19_-study-dot_test_final_instructions.webm,97,-0.029965542620067627,0.22812582672295237,0.9731704236347579
P_08,1491591937547_19_-study-dot_test_final_instructions.webm,98,-0.030544085025057708,0.22845539987771124,0.9730751199864772
P_08,1491591937547_19_-study-dot_test_final_instructions.webm,99,-0.02995943224890753,0.228709236578455,0.9730336672094257
P_08,1491591937547_4_-study-fitts_law_instructions.webm,0,-0.024496195008374647,0.217561169640294,0.9757392448266385
P_08,1491591937547_4_-study-fitts_law_instructions.webm,1,-0.025032713709872267,0.21742026086897862,0.9757570360535377
P_08,1491591937547_4_-study-fitts_law_instructions.webm,2,-0.023722268266412886,0.21631971935102934,0.976034340076305
P_08,1491591937547_4_-study-fitts_law_instructions.webm,3,-0.023392545182683147,0.2159326251814507,0.9761280091320621
P_08,1491591937547_4_-study-fitts_law_instructions.webm,4,-0.023477459803762455,0.21543370914161356,0.9762362039212895
P_08,1491591937547_4_-study-fitts_law_instructions.webm,5,-0.023056305999375946,0.2141156482601577,0.9765361723580932
P_08,1491591937547_4_-study-fitts_law_instructions.webm,6,-0.022920059883877467,0.2138983230317679,0.9765870049612154
P_08,1491591937547_4_-study-fitts_law_instructions.webm,7,-0.02276951524163609,0.21317519111573752,0.9767486304410309
P_08,1491591937547_4_-study-fitts_law_instructions.webm,8,-0.02256568817554966,0.2124368586777227,0.9769142085118351
P_08,1491591937547_4_-study-fitts_law_instructions.webm,9,-0.022258096880292233,0.21175378915258683,0.9770695522340205
P_08,1491591937547_4_-study-fitts_law_instructions.webm,10,-0.021944766856138324,0.21162402974271358,0.9771047524411519
P_08,1491591937547_4_-study-fitts_law_instructions.webm,11,-0.0218098406648085,0.21087420528787035,0.9772698708107116
P_08,1491591937547_4_-study-fitts_law_instructions.webm,12,-0.02182543395473485,0.21048299967782466,0.9773538546909775
P_08,1491591937547_4_-study-fitts_law_instructions.webm,13,-0.021860897098270174,0.2103945370958879,0.9773721092492182
P_08,1491591937547_4_-study-fitts_law_instructions.webm,14,-0.022004524520571975,0.20963025561770596,0.9775330975625729
P_08,1491591937547_4_-study-fitts_law_instructions.webm,15,-0.021993211962986446,0.20905578154870214,0.9776563705252538
P_08,1491591937547_4_-study-fitts_law_instructions.webm,16,-0.022002940405636495,0.20887974758335198,0.977693777040143
P_08,1491591937547_4_-study-fitts_law_instructions.webm,17,-0.02223975006805426,0.20850172553120244,0.9777691056519539
P_08,1491591937547_4_-study-fitts_law_instructions.webm,18,-0.022325983016513177,0.20838004743361788,0.9777930794978607
P_08,1491591937547_4_-study-fitts_law_instructions.webm,19,-0.0226621856245758,0.208321355212114,0.9777978514525921
P_08,1491591937547_4_-study-fitts_law_instructions.webm,20,-0.022734925995130818,0.20801797644575193,0.9778607490923288
P_08,1491591937547_4_-study-fitts_law_instructions.webm,21,-0.024378018334120417,0.20789633438620259,0.9778470362847562
P_08,1491591937547_4_-study-fitts_law_instructions.webm,22,-0.024317781102009578,0.20772702476508983,0.9778845170594116
P_08,1491591937547_4_-study-fitts_law_instructions.webm,23,-0.02497757850801186,0.2072166488311888,0.9779761658747352
P_08,1491591937547_4_-study-fitts_law_instructions.webm,24,-0.025566219682646437,0.20760053478199486,0.977879535714583
P_08,1491591937547_4_-study-fitts_law_instructions.webm,25,-0.0260248861334459,0.20729863660210113,0.9779314805059971
P_08,1491591937547_4_-study-fitts_law_instructions.webm,26,-0.026622046487485576,0.20648085717433692,0.9780884020687338
P_08,1491591937547_4_-study-fitts_law_instructions.webm,27,-0.027320663420446114,0.20649663672878207,0.9780658057462024
P_08,1491591937547_4_-study-fitts_law_instructions.webm,28,-0.027570650494284196,0.2064105540343093,0.9780769613964799
P_08,1491591937547_4_-study-fitts_law_instructions.webm,29,-0.02831037613085725,0.20569863352645476,0.97820580389235
P_08,1491591937547_4_-study-fitts_law_instructions.webm,30,-0.028887736758969735,0.20493073933348796,0.9783500859820959
P_08,1491591937547_4_-study-fitts_law_instructions.webm,31,-0.028600581672670728,0.20489028256737088,0.9783669959874198
P_08,1491591937547_4_-study-fitts_law_instructions.webm,32,-0.029359957703848787,0.20433974415310613,0.9784596373091081
P_08,1491591937547_4_-study-fitts_law_instructions.webm,33,-0.02987427942075107,0.20428258936452434,0.9784560036668057
P_08,1491591937547_4_-study-fitts_law_instructions.webm,34,-0.029753678159959353,0.20416607392560984,0.9784839972599224
P_08,1491591937547_4_-study-fitts_law_instructions.webm,35,-0.029979353222879392,0.20388237794766828,0.9785362611281924
P_08,1491591937547_4_-study-fitts_law_instructions.webm,36,-0.03007983624763396,0.20436048742414198,0.9784334390397146
P_08,1491591937547_4_-study-fitts_law_instructions.webm,37,-0.030496150782391877,0.20575533174614033,0.9781281757752883
P_08,1491591937547_4_-study-fitts_law_instructions.webm,38,-0.031116660965204754,0.20546208771755597,0.9781702734806041
P_08,1491591937547_4_-study-fitts_law_instructions.webm,39,-0.031109576420782176,0.20557668428676507,0.9781464211111642
P_08,1491591937547_4_-study-fitts_law_instructions.webm,40,-0.030842062065254812,0.20608407121357272,0.9780481188569415
P_08,1491591937547_4_-study-fitts_law_instructions.webm,41,-0.03149072862852952,0.20640388373473986,0.9779600046983825
P_08,1491591937547_4_-study-fitts_law_instructions.webm,42,-0.03143016157892438,0.20668615193527384,0.97790233640242
P_08,1491591937547_4_-study-fitts_law_instructions.webm,43,-0.03131526829069805,0.20664672455894617,0.9779143547371317
P_08,1491591937547_4_-study-fitts_law_instructions.webm,44,-0.031359208393019096,0.20651665128567764,0.9779404239475495
P_08,1491591937547_4_-study-fitts_law_instructions.webm,45,-0.031282799028304865,0.2069858629283312,0.9778436679923682
P_08,1491591937547_4_-study-fitts_law_instructions.webm,46,-0.03088903577957102,0.2069790828483571,0.9778576208895962
P_08,1491591937547_4_-study-fitts_law_instructions.webm,47,-0.030240789244371045,0.20636846382631924,0.9780069283005323
P_08,1491591937547_4_-study-fitts_law_instructions.webm,48,-0.03017671416016397,0.20668579821843922,0.9779418933338024
P_08,1491591937547_4_-study-fitts_law_instructions.webm,49,-0.029619066071243986,0.2070989208992434,0.9778715395630635
P_08,1491591937547_4_-study-fitts_law_instructions.webm,50,-0.02930619008168263,0.2071408841227657,0.977872078212552
P_08,1491591937547_4_-study-fitts_law_instructions.webm,51,-0.029294611466684113,0.20746281485456017,0.9778041757896304
P_08,1491591937547_4_-study-fitts_law_instructions.webm,52,-0.027971402745449202,0.20909011877230252,0.9774962520952376
P_08,1491591937547_4_-study-fitts_law_instructions.webm,53,-0.02786720785216906,0.2092815926944887,0.9774582516331745
P_08,1491591937547_4_-study-fitts_law_instructions.webm,54,-0.028105936568825738,0.209924502431574,0.9773135421186209
P_08,1491591937547_4_-study-fitts_law_instructions.webm,55,-0.027034042107218506,0.21058968263179023,0.9772006683053317
P_08,1491591937547_4_-study-fitts_law_instructions.webm,56,-0.026746382687044934,0.21110191758183422,0.977098056188032
P_08,1491591937547_4_-study-fitts_law_instructions.webm,57,-0.026356194852131757,0.2119306772055737,0.9769292395317603
P_08,1491591937547_4_-study-fitts_law_instructions.webm,58,-0.026576168814858026,0.21199737105892488,0.9769088094163285
P_08,1491591937547_4_-study-fitts_law_instructions.webm,59,-0.026981029886426137,0.21208712874101418,0.9768782287719694
P_08,1491591937547_4_-study-fitts_law_instructions.webm,60,-0.027064297526512765,0.21254240683920567,0.976776969985674
P_08,1491591937547_4_-study-fitts_law_instructions.webm,61,-0.026376769170151245,0.21438893954306593,0.9763921592524922
P_08,1491591937547_4_-study-fitts_law_instructions.webm,62,-0.02599570469002756,0.21403972775635188,0.9764789901885528
P_08,1491591937547_4_-study-fitts_law_instructions.webm,63,-0.026450839424975815,0.21431875649421653,0.9764055631286044
P_08,1491591937547_4_-study-fitts_law_instructions.webm,64,-0.026604956463213317,0.2152714300817576,0.9761917781266882
P_08,1491591937547_4_-study-fitts_law_instructions.webm,65,-0.026448910127230368,0.21554243777980714,0.9761362162470051
P_08,1491591937547_4_-study-fitts_law_instructions.webm,66,-0.027089999918798065,0.21593095709455543,0.9760327626020701
P_08,1491591937547_4_-study-fitts_law_instructions.webm,67,-0.02694249380167294,0.21694467239819026,0.9758120265429141
P_08,1491591937547_4_-study-fitts_law_instructions.webm,68,-0.026423347741573944,0.21720371746918016,0.9757685954219354
P_08,1491591937547_4_-study-fitts_law_instructions.webm,69,-0.027329546803015962,0.21680388371144024,0.9758325531971037
P_08,1491591937547_4_-study-fitts_law_instructions.webm,70,-0.02678607258041998,0.21738871343246285,0.975717507062313
P_08,1491591937547_4_-study-fitts_law_instructions.webm,71,-0.02754253066911553,0.2169343619320516,0.9757975669253713
P_08,1491591937547_4_-study-fitts_law_instructions.webm,72,-0.02783581260837808,0.21727725792773547,0.9757129499621472
P_08,1491591937547_4_-study-fitts_law_instructions.webm,73,-0.02716533326789914,0.21774874500498834,0.9756267363685749
P_08,1491591937547_4_-study-fitts_law_instructions.webm,74,-0.027693971283763302,0.21753846055423995,0.9756587836606737
P_08,1491591937547_4_-study-fitts_law_instructions.webm,75,-0.027563493018354535,0.2174250617657243,0.9756877555697817
P_08,1491591937547_4_-study-fitts_law_instructions.webm,76,-0.02665144395720147,0.21878489307617285,0.9754090788467389
P_08,1491591937547_4_-study-fitts_law_instructions.webm,77,-0.026506299446423322,0.21889561166329477,0.9753881931232347
P_08,1491591937547_4_-study-fitts_law_instructions.webm,78,-0.026932340420348873,0.21858168894616448,0.9754469202867599
P_08,1491591937547_4_-study-fitts_law_instructions.webm,79,-0.026169897960875887,0.2195027944945916,0.975260816217786
P_08,1491591937547_4_-study-fitts_law_instructions.webm,80,-0.02595108296020947,0.2191813123319356,0.9753389634468844
P_08,1491591937547_4_-study-fitts_law_instructions.webm,81,-0.025192387387578306,0.21979361069195788,0.9752210581794807
P_08,1491591937547_4_-study-fitts_law_instructions.webm,82,-0.024864482717190113,0.22036480475451828,0.9751005642110507
P_08,1491591937547_4_-study-fitts_law_instructions.webm,83,-0.024890618683339305,0.22026172350806125,0.9751231872224242
P_08,1491591937547_4_-study-fitts_law_instructions.webm,84,-0.025609642899461604,0.2205051375799711,0.9750495528389314
P_08,1491591937547_4_-study-fitts_law_instructions.webm,85,-0.0248461184820827,0.22101142403497842,0.9749546763016244
P_08,1491591937547_4_-study-fitts_law_instructions.webm,86,-0.024146778018767898,0.22117831239867908,0.9749344015039086
P_08,1491591937547_4_-study-fitts_law_instructions.webm,87,-0.025295041186053444,0.2210108695364053,0.9749432580607744
P_08,1491591937547_4_-study-fitts_law_instructions.webm,88,-0.024749479129140533,0.22144328447157202,0.9748591360013397
P_08,1491591937547_4_-study-fitts_law_instructions.webm,89,-0.024348816209423047,0.22141717276456166,0.9748751564965372
P_08,1491591937547_4_-study-fitts_law_instructions.webm,90,-0.025414117999455567,0.22102797125724571,0.9749362843428364
P_08,1491591937547_4_-study-fitts_law_instructions.webm,91,-0.02498553523033931,0.2211295948425626,0.9749243177365193
P_08,1491591937547_4_-study-fitts_law_instructions.webm,92,-0.024653132682683248,0.22086000492780827,0.9749938878127484
P_08,1491591937547_4_-study-fitts_law_instructions.webm,93,-0.02529444337535751,0.22031346176467506,0.9751011074240435
P_08,1491591937547_4_-study-fitts_law_instructions.webm,94,-0.024584104893552023,0.22061874098288625,0.9750502514812809
P_08,1491591937547_4_-study-fitts_law_instructions.webm,95,-0.024317552564185194,0.22032555038549673,0.975123227333149
P_08,1491591937547_4_-study-fitts_law_instructions.webm,96,-0.025114806669979162,0.2199567483719954,0.9751862772473515
P_08,1491591937547_4_-study-fitts_law_instructions.webm,97,-0.024504195639901295,0.22039200857390212,0.9751035365297382
P_08,1491591937547_4_-study-fitts_law_instructions.webm,98,-0.02448820028478612,0.21998591656085356,0.9751956339943763
P_08,1491591937547_4_-study-fitts_law_instructions.webm,99,-0.025206322687169453,0.2198919128067683,0.9751985377238683
P_08,1491591937547_7_-study-benefits_of_running_instructions.webm,0,-0.02529570328177305,0.22088089055554705,0.9749726968396956
P_08,1491591937547_7_-study-benefits_of_running_instructions.webm,1,-0.025435004534910002,0.2202707320165317,0.9751071044563311
P_08,1491591937547_7_-study-benefits_of_running_instructions.webm,2,-0.02597159659978601,0.22044623928466137,0.9750532968793593
P_08,1491591937547_7_-study-benefits_of_running_instructions.webm,3,-0.02567281951616385,0.21977363668111313,0.9752130305518115
P_08,1491591937547_7_-study-benefits_of_running_instructions.webm,4,-0.02548166783885861,0.21920526599303328,0.975345957066042
P_08,1491591937547_7_-study-benefits_of_running_instructions.webm,5,-0.024496826289997865,0.2193334888563103,0.9753423635666792
P_08,1491591937547_7_-study-benefits_of_running_instructions.webm,6,-0.02505670566822886,0.21844873235633372,0.9755266848389984
P_08,1491591937547_7_-study-benefits_of_running_instructions.webm,7,-0.02479170222423045,0.21857148634056492,0.9755059594178301
P_08,1491591937547_7_-study-benefits_of_running_instructions.webm,8,-0.024451144302956012,0.21917654203901507,0.9753787905024878
P_08,1491591937547_7_-study-benefits_of_running_instructions.webm,9,-0.02389972616160615,0.21886530254655512,0.9754623429075082
P_08,1491591937547_7_-study-benefits_of_running_instructions.webm,10,-0.024051320710477442,0.2195195421783905,0.9753115935811855
P_08,1491591937547_7_-study-benefits_of_running_instructions.webm,11,-0.023599245897736806,0.21980907342592856,0.9752574259305555
P_08,1491591937547_7_-study-benefits_of_running_instructions.webm,12,-0.024144482708578323,0.21887635909662292,0.9754538345730881
P_08,1491591937547_7_-study-benefits_of_running_instructions.webm,13,-0.02403205004425996,0.21905980501651046,0.9754154306739249
P_08,1491591937547_7_-study-benefits_of_running_instructions.webm,14,-0.024177138910122648,0.22000976254731708,0.9751980159629088
P_08,1491591937547_7_-study-benefits_of_running_instructions.webm,15,-0.024459378109999215,0.21949902633151736,0.97530606286539
P_08,1491591937547_7_-study-benefits_of_running_instructions.webm,16,-0.024389953075769893,0.21986790725938798,0.9752247092574813
P_08,1491591937547_7_-study-benefits_of_running_instructions.webm,17,-0.02360739395144056,0.2200592756970055,0.9752008029788176
P_08,1491591937547_7_-study-benefits_of_running_instructions.webm,18,-0.024018809715056124,0.21971703533223527,0.9752679227600408
P_08,1491591937547_7_-study-benefits_of_running_instructions.webm,19,-0.02440839405775761,0.22029804883397858,0.975127171183053
P_08,1491591937547_7_-study-benefits_of_running_instructions.webm,20,-0.024432829644777526,0.22003416907152545,0.9751861367331637
P_08,1491591937547_7_-study-benefits_of_running_instructions.webm,21,-0.025140962285769026,0.21967382285566048,0.97524937506636
P_08,1491591937547_7_-study-benefits_of_running_instructions.webm,22,-0.024540111037408836,0.22035791757940734,0.9751103379158376
P_08,1491591937547_7_-study-benefits_of_running_instructions.webm,23,-0.024136354145847905,0.2201511542927304,0.9751671167918473
P_08,1491591937547_7_-study-benefits_of_running_instructions.webm,24,-0.024336314784489166,0.2199411274603488,0.9752095386296121
P_08,1491591937547_7_-study-benefits_of_running_instructions.webm,25,-0.02375784207915026,0.2201246126441205,0.9751824033728347
P_08,1491591937547_7_-study-benefits_of_running_instructions.webm,26,-0.023706410110669315,0.22029527355596276,0.9751451166716512
P_08,1491591937547_7_-study-benefits_of_running_instructions.webm,27,-0.024310461388146947,0.21969335689115277,0.9752660305808831
P_08,1491591937547_7_-study-benefits_of_running_instructions.webm,28,-0.024135625906747397,0.219781889617893,0.975250425561598
P_08,1491591937547_7_-study-benefits_of_running_instructions.webm,29,-0.023703886617764937,0.22004046539593142,0.9752027067987219
P_08,1491591937547_7_-study-benefits_of_running_instructions.webm,30,-0.023840071260387508,0.21929829096593512,0.9753665519084196
P_08,1491591937547_7_-study-benefits_of_running_instructions.webm,31,-0.024049178191182845,0.21968578326286875,0.9752742145983911
P_08,1491591937547_7_-study-benefits_of_running_instructions.webm,32,-0.02346513465659683,0.21941135409204907,0.975350216666322
P_08,1491591937547_7_-study-benefits_of_running_instructions.webm,33,-0.024741733539241147,0.21907665573128077,0.9753939027567639
P_08,1491591937547_7_-study-benefits_of_running_instructions.webm,34,-0.024645916131143725,0.2187937745460471,0.975459821334508
P_08,1491591937547_7_-study-benefits_of_running_instructions.webm,35,-0.024178089948055082,0.218817504277865,0.9754662063793241
P_08,1491591937547_7_-study-benefits_of_running_instructions.webm,36,-0.024198500228138846,0.21824453456918205,0.9755940527275625
P_08,1491591937547_7_-study-benefits_of_running_instructions.webm,37,-0.024256816191324148,0.21767679021586578,0.9757194380914926
P_08,1491591937547_7_-study-benefits_of_running_instructions.webm,38,-0.025326267279108305,0.21609066321514608,0.9760447763586184
P_08,1491591937547_7_-study-benefits_of_running_instructions.webm,39,-0.025953485101004557,0.2144429217982201,0.9763916478041762
P_08,1491591937547_7_-study-benefits_of_running_instructions.webm,40,-0.026756539317965667,0.2124796282604518,0.9767991068679508
P_08,1491591937547_7_-study-benefits_of_running_instructions.webm,41,-0.02683967358950494,0.21208015127719815,0.9768836375719729
P_08,1491591937547_7_-study-benefits_of_running_instructions.webm,42,-0.027066918237598138,0.21025154147632044,0.9772725675286041
P_08,1491591937547_7_-study-benefits_of_running_instructions.webm,43,-0.027344106749753856,0.20983199006931622,0.9773550203327389
P_08,1491591937547_7_-study-benefits_of_running_instructions.webm,44,-0.02749512391618507,0.20959894027514583,0.9774007890299503
P_08,1491591937547_7_-study-benefits_of_running_instructions.webm,45,-0.02750004810913854,0.2094120949157894,0.977440699918402
P_08,1491591937547_7_-study-benefits_of_running_instructions.webm,46,-0.028334406086431733,0.20823451630162165,0.9776684241870344
P_08,1491591937547_7_-study-benefits_of_running_instructions.webm,47,-0.028977440509890116,0.20768136294736556,0.977767231720219
P_08,1491591937547_7_-study-benefits_of_running_instructions.webm,48,-0.028599000470391114,0.20673500741774212,0.9779789025741203
P_08,1491591937547_7_-study-benefits_of_running_instructions.webm,49,-0.028582152910826674,0.2056753215570266,0.9782028024072492
P_08,1491591937547_7_-study-benefits_of_running_instructions.webm,50,-0.028331193069940874,0.20521374706826634,0.9783070384666746
P_08,1491591937547_7_-study-benefits_of_running_instructions.webm,51,-0.029027520210264973,0.2038231790510122,0.9785772911487276
P_08,1491591937547_7_-study-benefits_of_running_instructions.webm,52,-0.02933397744707453,0.20318914289810344,0.9786999999874675
P_08,1491591937547_7_-study-benefits_of_running_instructions.webm,53,-0.027960492841137326,0.20274782039043446,0.9788317180021339
P_08,1491591937547_7_-study-benefits_of_running_instructions.webm,54,-0.027320927271970642,0.20245815091921587,0.9789097323345863
P_08,1491591937547_7_-study-benefits_of_running_instructions.webm,55,-0.026346610045135655,0.20211004871207136,0.979008367864511
P_08,1491591937547_7_-study-benefits_of_running_instructions.webm,56,-0.025851233456994468,0.20210703866862456,0.9790221951770812
P_08,1491591937547_7_-study-benefits_of_running_instructions.webm,57,-0.02578020949494347,0.20155562521272233,0.9791377383920534
P_08,1491591937547_7_-study-benefits_of_running_instructions.webm,58,-0.025433526848725758,0.20110845898062038,0.9792387469041833
P_08,1491591937547_7_-study-benefits_of_running_instructions.webm,59,-0.025446534582376543,0.2007470631331887,0.9793125601773661
P_08,1491591937547_7_-study-benefits_of_running_instructions.webm,60,-0.025294463243413813,0.20023889001230707,0.9794205312611468
P_08,1491591937547_7_-study-benefits_of_running_instructions.webm,61,-0.026192796130548264,0.1998485240777023,0.9794766484479491
P_08,1491591937547_7_-study-benefits_of_running_instructions.webm,62,-0.026191634418577737,0.1996682695156417,0.9795134406607765
P_08,1491591937547_7_-study-benefits_of_running_instructions.webm,63,-0.026384110669469343,0.19952851871538485,0.9795367522065853
P_08,1491591937547_7_-study-benefits_of_running_instructions.webm,64,-0.027276128220382046,0.1993805906105184,0.9795424405900472
P_08,1491591937547_7_-study-benefits_of_running_instructions.webm,65,-0.028003755461629382,0.1983056714848661,0.9797400932578914
P_08,1491591937547_7_-study-benefits_of_running_instructions.webm,66,-0.028794340471766166,0.19653104428985305,0.9800747086764028
P_08,1491591937547_7_-study-benefits_of_running_instructions.webm,67,-0.029535040791366818,0.19502726100901213,0.9803530225529856
P_08,1491591937547_7_-study-benefits_of_running_instructions.webm,68,-0.030175164379762944,0.19406572014844314,0.9805243269383582
P_08,1491591937547_7_-study-benefits_of_running_instructions.webm,69,-0.029941911478599568,0.192819099461779,0.9807773839255044
P_08,1491591937547_7_-study-benefits_of_running_instructions.webm,70,-0.029831550128495928,0.19199196342621844,0.9809429976286475
P_08,1491591937547_7_-study-benefits_of_running_instructions.webm,71,-0.029922649486994204,0.19162399580986006,0.9810121708100981
P_08,1491591937547_7_-study-benefits_of_running_instructions.webm,72,-0.029802596504512818,0.19165639355467126,0.9810094964123468
P_08,1491591937547_7_-study-benefits_of_running_instructions.webm,73,-0.029834416574655187,0.19170864737010782,0.9809983191174049
P_08,1491591937547_7_-study-benefits_of_running_instructions.webm,74,-0.030054266730836634,0.19212872325711877,0.9809094222969117
P_08,1491591937547_7_-study-benefits_of_running_instructions.webm,75,-0.030617842165618046,0.19219038278536354,0.9808799133971174
P_08,1491591937547_7_-study-benefits_of_running_instructions.webm,76,-0.03061847988550421,0.1922461185050329,0.9808689711726281
P_08,1491591937547_7_-study-benefits_of_running_instructions.webm,77,-0.03055392207529056,0.1926124754575507,0.9807991089636713
P_08,1491591937547_7_-study-benefits_of_running_instructions.webm,78,-0.031038255567842107,0.1925270788861326,0.9808006681211417
P_08,1491591937547_7_-study-benefits_of_running_instructions.webm,79,-0.03112580858058148,0.19292867766190364,0.9807189757396532
P_08,1491591937547_7_-study-benefits_of_running_instructions.webm,80,-0.031000148461679783,0.19332377889520172,0.980645148516543
P_08,1491591937547_7_-study-benefits_of_running_instructions.webm,81,-0.031073216037635423,0.19403282057248175,0.9805027892799518
P_08,1491591937547_7_-study-benefits_of_running_instructions.webm,82,-0.03134717270504515,0.19442822016272446,0.9804157393512996
P_08,1491591937547_7_-study-benefits_of_running_instructions.webm,83,-0.02942936175749501,0.1955003524900399,0.9802619674570755
P_08,1491591937547_7_-study-benefits_of_running_instructions.webm,84,-0.029265966964077822,0.19553230921184345,0.9802604853976016
P_08,1491591937547_7_-study-benefits_of_running_instructions.webm,85,-0.028923537493707976,0.19590997740516092,0.9801952406189083
P_08,1491591937547_7_-study-benefits_of_running_instructions.webm,86,-0.029080268332398133,0.1967945749440565,0.980013384228146
P_08,1491591937547_7_-study-benefits_of_running_instructions.webm,87,-0.029003554144226375,0.1967080642104484,0.9800330256280045
P_08,1491591937547_7_-study-benefits_of_running_instructions.webm,88,-0.028739635091612665,0.19739094744044927,0.9799034887392547
P_08,1491591937547_7_-study-benefits_of_running_instructions.webm,89,-0.028557637322727626,0.19804084478346426,0.9797776712846621
P_08,1491591937547_7_-study-benefits_of_running_instructions.webm,90,-0.028466659700952003,0.19840514471526022,0.9797066131429282
P_08,1491591937547_7_-study-benefits_of_running_instructions.webm,91,-0.02827507796630119,0.198881865783234,0.9796154977482641
P_08,1491591937547_7_-study-benefits_of_running_instructions.webm,92,-0.028171685596786747,0.1993607522572313,0.9795211312626526
P_08,1491591937547_7_-study-benefits_of_running_instructions.webm,93,-0.0282248105445177,0.1997145275325729,0.9794475318066646
P_08,1491591937547_7_-study-benefits_of_running_instructions.webm,94,-0.02781132821224547,0.20002584429792467,0.9793958299053417
P_08,1491591937547_7_-study-benefits_of_running_instructions.webm,95,-0.027210766760708792,0.20034961225372233,0.979346520411482
P_08,1491591937547_7_-study-benefits_of_running_instructions.webm,96,-0.027002640016494495,0.20038993523757861,0.9793440311185946
P_08,1491591937547_7_-study-benefits_of_running_instructions.webm,97,-0.02719900619510403,0.2005049525776306,0.9793150555637551
P_08,1491591937547_7_-study-benefits_of_running_instructions.webm,98,-0.026989482139643545,0.20071137704515657,0.9792785665879097
P_08,1491591937547_7_-study-benefits_of_running_instructions.webm,99,-0.02708317712471383,0.20096678602348433,0.9792235967501102
