Participant ID,Video Name,Frame Index,Gaze X,Gaze Y
P_08,1491591937547_13_-study-where_to_find_morel_mushrooms_instructions.webm,0,0.4851759523153305,0.7335604429244995
P_08,1491591937547_13_-study-where_to_find_morel_mushrooms_instructions.webm,1,0.4864386320114136,0.7331043183803558
P_08,1491591937547_13_-study-where_to_find_morel_mushrooms_instructions.webm,2,0.48663754761219025,0.7329497337341309
P_08,1491591937547_13_-study-where_to_find_morel_mushrooms_instructions.webm,3,0.486004501581192,0.7319122850894928
P_08,1491591937547_13_-study-where_to_find_morel_mushrooms_instructions.webm,4,0.48593126237392426,0.7317841947078705
P_08,1491591937547_13_-study-where_to_find_morel_mushrooms_instructions.webm,5,0.4848497807979584,0.7314508259296417
P_08,1491591937547_13_-study-where_to_find_morel_mushrooms_instructions.webm,6,0.4843321442604065,0.7308377921581268
P_08,1491591937547_13_-study-where_to_find_morel_mushrooms_instructions.webm,7,0.4850647300481796,0.7304673790931702
P_08,1491591937547_13_-study-where_to_find_morel_mushrooms_instructions.webm,8,0.4851094186306,0.7293929159641266
P_08,1491591937547_13_-study-where_to_find_morel_mushrooms_instructions.webm,9,0.4838627874851227,0.7287293970584869
P_08,1491591937547_13_-study-where_to_find_morel_mushrooms_instructions.webm,10,0.4826974719762802,0.728063553571701
P_08,1491591937547_13_-study-where_to_find_morel_mushrooms_instructions.webm,11,0.48023462295532227,0.7269673049449921
P_08,1491591937547_13_-study-where_to_find_morel_mushrooms_instructions.webm,12,0.4797389358282089,0.7270034849643707
P_08,1491591937547_13_-study-where_to_find_morel_mushrooms_instructions.webm,13,0.4803822189569473,0.7257151305675507
P_08,1491591937547_13_-study-where_to_find_morel_mushrooms_instructions.webm,14,0.4799223989248276,0.7241668403148651
P_08,1491591937547_13_-study-where_to_find_morel_mushrooms_instructions.webm,15,0.4797036796808243,0.7240414917469025
P_08,1491591937547_13_-study-where_to_find_morel_mushrooms_instructions.webm,16,0.4789515733718872,0.7240415215492249
P_08,1491591937547_13_-study-where_to_find_morel_mushrooms_instructions.webm,17,0.4766853600740433,0.7229001224040985
P_08,1491591937547_13_-study-where_to_find_morel_mushrooms_instructions.webm,18,0.47620436549186707,0.7228092849254608
P_08,1491591937547_13_-study-where_to_find_morel_mushrooms_instructions.webm,19,0.4761960208415985,0.7226051986217499
P_08,1491591937547_13_-study-where_to_find_morel_mushrooms_instructions.webm,20,0.4762943387031555,0.7224282622337341
P_08,1491591937547_13_-study-where_to_find_morel_mushrooms_instructions.webm,21,0.47505365312099457,0.7226295173168182
P_08,1491591937547_13_-study-where_to_find_morel_mushrooms_instructions.webm,22,0.47474241256713867,0.7226221561431885
P_08,1491591937547_13_-study-where_to_find_morel_mushrooms_instructions.webm,23,0.47244757413864136,0.7222226858139038
P_08,1491591937547_13_-study-where_to_find_morel_mushrooms_instructions.webm,24,0.4717924892902374,0.7225763499736786
P_08,1491591937547_13_-study-where_to_find_morel_mushrooms_instructions.webm,25,0.471448615193367,0.7225124537944794
P_08,1491591937547_13_-study-where_to_find_morel_mushrooms_instructions.webm,26,0.47426098585128784,0.7222760617733002
P_08,1491591937547_13_-study-where_to_find_morel_mushrooms_instructions.webm,27,0.4744964838027954,0.7222521603107452
P_08,1491591937547_13_-study-where_to_find_morel_mushrooms_instructions.webm,28,0.4742465019226074,0.7231431007385254
P_08,1491591937547_13_-study-where_to_find_morel_mushrooms_instructions.webm,29,0.4731169790029526,0.7227689325809479
P_08,1491591937547_13_-study-where_to_find_morel_mushrooms_instructions.webm,30,0.472029373049736,0.7222051322460175
P_08,1491591937547_13_-study-where_to_find_morel_mushrooms_instructions.webm,31,0.4724203050136566,0.7226911783218384
P_08,1491591937547_13_-study-where_to_find_morel_mushrooms_instructions.webm,32,0.47283415496349335,0.7228040397167206
P_08,1491591937547_13_-study-where_to_find_morel_mushrooms_instructions.webm,33,0.47344306111335754,0.7231965065002441
P_08,1491591937547_13_-study-where_to_find_morel_mushrooms_instructions.webm,34,0.4740038216114044,0.7233926057815552
P_08,1491591937547_13_-study-where_to_find_morel_mushrooms_instructions.webm,35,0.47327539324760437,0.7234815061092377
P_08,1491591937547_13_-study-where_to_find_morel_mushrooms_instructions.webm,36,0.4728953540325165,0.7236036062240601
P_08,1491591937547_13_-study-where_to_find_morel_mushrooms_instructions.webm,37,0.4733716994524002,0.7238194942474365
P_08,1491591937547_13_-study-where_to_find_morel_mushrooms_instructions.webm,38,0.4731314331293106,0.7240155041217804
P_08,1491591937547_13_-study-where_to_find_morel_mushrooms_instructions.webm,39,0.4737120121717453,0.7240434885025024
P_08,1491591937547_13_-study-where_to_find_morel_mushrooms_instructions.webm,40,0.47430527210235596,0.7246342897415161
P_08,1491591937547_13_-study-where_to_find_morel_mushrooms_instructions.webm,41,0.4735654592514038,0.7249293327331543
P_08,1491591937547_13_-study-where_to_find_morel_mushrooms_instructions.webm,42,0.47184060513973236,0.724806010723114
P_08,1491591937547_13_-study-where_to_find_morel_mushrooms_instructions.webm,43,0.4709859937429428,0.7251047492027283
P_08,1491591937547_13_-study-where_to_find_morel_mushrooms_instructions.webm,44,0.47027118504047394,0.7246748208999634
P_08,1491591937547_13_-study-where_to_find_morel_mushrooms_instructions.webm,45,0.4710235744714737,0.7250396609306335
P_08,1491591937547_13_-study-where_to_find_morel_mushrooms_instructions.webm,46,0.47076816856861115,0.7254634201526642
P_08,1491591937547_13_-study-where_to_find_morel_mushrooms_instructions.webm,47,0.4704097509384155,0.725148618221283
P_08,1491591937547_13_-study-where_to_find_morel_mushrooms_instructions.webm,48,0.47065240144729614,0.7247050404548645
P_08,1491591937547_13_-study-where_to_find_morel_mushrooms_instructions.webm,49,0.47018514573574066,0.7251671850681305
P_08,1491591937547_13_-study-where_to_find_morel_mushrooms_instructions.webm,50,0.4702107757329941,0.7248977720737457
P_08,1491591937547_13_-study-where_to_find_morel_mushrooms_instructions.webm,51,0.47100456058979034,0.724738210439682
P_08,1491591937547_13_-study-where_to_find_morel_mushrooms_instructions.webm,52,0.4702400118112564,0.7250458002090454
P_08,1491591937547_13_-study-where_to_find_morel_mushrooms_instructions.webm,53,0.46976786851882935,0.7253008186817169
P_08,1491591937547_13_-study-where_to_find_morel_mushrooms_instructions.webm,54,0.47061432898044586,0.7251767516136169
P_08,1491591937547_13_-study-where_to_find_morel_mushrooms_instructions.webm,55,0.46992045640945435,0.7254734337329865
P_08,1491591937547_13_-study-where_to_find_morel_mushrooms_instructions.webm,56,0.4691906124353409,0.7255234718322754
P_08,1491591937547_13_-study-where_to_find_morel_mushrooms_instructions.webm,57,0.4699431359767914,0.7250720858573914
P_08,1491591937547_13_-study-where_to_find_morel_mushrooms_instructions.webm,58,0.46930545568466187,0.7256758511066437
P_08,1491591937547_13_-study-where_to_find_morel_mushrooms_instructions.webm,59,0.46928219497203827,0.7260179221630096
P_08,1491591937547_13_-study-where_to_find_morel_mushrooms_instructions.webm,60,0.4697640389204025,0.7257488965988159
P_08,1491591937547_13_-study-where_to_find_morel_mushrooms_instructions.webm,61,0.4693610966205597,0.7261916100978851
P_08,1491591937547_13_-study-where_to_find_morel_mushrooms_instructions.webm,62,0.4695076495409012,0.7263511121273041
P_08,1491591937547_13_-study-where_to_find_morel_mushrooms_instructions.webm,63,0.4711197167634964,0.7258042693138123
P_08,1491591937547_13_-study-where_to_find_morel_mushrooms_instructions.webm,64,0.4712647348642349,0.7262973785400391
P_08,1491591937547_13_-study-where_to_find_morel_mushrooms_instructions.webm,65,0.4715021848678589,0.7260241806507111
P_08,1491591937547_13_-study-where_to_find_morel_mushrooms_instructions.webm,66,0.4724825322628021,0.7263980805873871
P_08,1491591937547_13_-study-where_to_find_morel_mushrooms_instructions.webm,67,0.4722075015306473,0.7265523076057434
P_08,1491591937547_13_-study-where_to_find_morel_mushrooms_instructions.webm,68,0.4722626060247421,0.7261791229248047
P_08,1491591937547_13_-study-where_to_find_morel_mushrooms_instructions.webm,69,0.4727555960416794,0.7269157469272614
P_08,1491591937547_13_-study-where_to_find_morel_mushrooms_instructions.webm,70,0.4732937216758728,0.7265652418136597
P_08,1491591937547_13_-study-where_to_find_morel_mushrooms_instructions.webm,71,0.4737360179424286,0.7265232801437378
P_08,1491591937547_13_-study-where_to_find_morel_mushrooms_instructions.webm,72,0.4748341590166092,0.7276478111743927
P_08,1491591937547_13_-study-where_to_find_morel_mushrooms_instructions.webm,73,0.474756121635437,0.7282265424728394
P_08,1491591937547_13_-study-where_to_find_morel_mushrooms_instructions.webm,74,0.4743286073207855,0.7275199592113495
P_08,1491591937547_13_-study-where_to_find_morel_mushrooms_instructions.webm,75,0.47456520795822144,0.7277253270149231
P_08,1491591937547_13_-study-where_to_find_morel_mushrooms_instructions.webm,76,0.47211919724941254,0.7278333008289337
P_08,1491591937547_13_-study-where_to_find_morel_mushrooms_instructions.webm,77,0.4718562960624695,0.7277213335037231
P_08,1491591937547_13_-study-where_to_find_morel_mushrooms_instructions.webm,78,0.47302864491939545,0.7280640304088593
P_08,1491591937547_13_-study-where_to_find_morel_mushrooms_instructions.webm,79,0.4731701910495758,0.7285900413990021
P_08,1491591937547_13_-study-where_to_find_morel_mushrooms_instructions.webm,80,0.4729055315256119,0.728354424238205
P_08,1491591937547_13_-study-where_to_find_morel_mushrooms_instructions.webm,81,0.4736248403787613,0.7284505069255829
P_08,1491591937547_13_-study-where_to_find_morel_mushrooms_instructions.webm,82,0.4734764099121094,0.7282662987709045
P_08,1491591937547_13_-study-where_to_find_morel_mushrooms_instructions.webm,83,0.4726747125387192,0.728405237197876
P_08,1491591937547_13_-study-where_to_find_morel_mushrooms_instructions.webm,84,0.47383710741996765,0.7281174063682556
P_08,1491591937547_13_-study-where_to_find_morel_mushrooms_instructions.webm,85,0.47685836255550385,0.7283794581890106
P_08,1491591937547_13_-study-where_to_find_morel_mushrooms_instructions.webm,86,0.4787995368242264,0.728309839963913
P_08,1491591937547_13_-study-where_to_find_morel_mushrooms_instructions.webm,87,0.4790000468492508,0.7284518182277679
P_08,1491591937547_13_-study-where_to_find_morel_mushrooms_instructions.webm,88,0.4792788028717041,0.7286083102226257
P_08,1491591937547_13_-study-where_to_find_morel_mushrooms_instructions.webm,89,0.4786699414253235,0.7278892397880554
P_08,1491591937547_13_-study-where_to_find_morel_mushrooms_instructions.webm,90,0.47903972864151,0.728747695684433
P_08,1491591937547_13_-study-where_to_find_morel_mushrooms_instructions.webm,91,0.4793541133403778,0.7284681499004364
P_08,1491591937547_13_-study-where_to_find_morel_mushrooms_instructions.webm,92,0.47844335436820984,0.7278032600879669
P_08,1491591937547_13_-study-where_to_find_morel_mushrooms_instructions.webm,93,0.4789506196975708,0.7286143898963928
P_08,1491591937547_13_-study-where_to_find_morel_mushrooms_instructions.webm,94,0.47892899811267853,0.7286212742328644
P_08,1491591937547_13_-study-where_to_find_morel_mushrooms_instructions.webm,95,0.4779651314020157,0.7276888489723206
P_08,1491591937547_13_-study-where_to_find_morel_mushrooms_instructions.webm,96,0.4779452085494995,0.7286629974842072
P_08,1491591937547_13_-study-where_to_find_morel_mushrooms_instructions.webm,97,0.4784409999847412,0.7285285592079163
P_08,1491591937547_13_-study-where_to_find_morel_mushrooms_instructions.webm,98,0.47758154571056366,0.7278206944465637
P_08,1491591937547_13_-study-where_to_find_morel_mushrooms_instructions.webm,99,0.47858498990535736,0.728676825761795
P_08,1491591937547_14_-study-where_to_find_morel_mushrooms.webm,0,0.4694229066371918,0.7332675457000732
P_08,1491591937547_14_-study-where_to_find_morel_mushrooms.webm,1,0.46892766654491425,0.7329727113246918
P_08,1491591937547_14_-study-where_to_find_morel_mushrooms.webm,2,0.46637821197509766,0.7329274415969849
P_08,1491591937547_14_-study-where_to_find_morel_mushrooms.webm,3,0.469522088766098,0.7324928343296051
P_08,1491591937547_14_-study-where_to_find_morel_mushrooms.webm,4,0.46809767186641693,0.7317009568214417
P_08,1491591937547_14_-study-where_to_find_morel_mushrooms.webm,5,0.4685268849134445,0.7320805490016937
P_08,1491591937547_14_-study-where_to_find_morel_mushrooms.webm,6,0.47259044647216797,0.7315143346786499
P_08,1491591937547_14_-study-where_to_find_morel_mushrooms.webm,7,0.468586727976799,0.7306345701217651
P_08,1491591937547_14_-study-where_to_find_morel_mushrooms.webm,8,0.47046656906604767,0.7315819263458252
P_08,1491591937547_14_-study-where_to_find_morel_mushrooms.webm,9,0.47260576486587524,0.7312484979629517
P_08,1491591937547_14_-study-where_to_find_morel_mushrooms.webm,10,0.4703821539878845,0.7305213809013367
P_08,1491591937547_14_-study-where_to_find_morel_mushrooms.webm,11,0.4709821492433548,0.7308030426502228
P_08,1491591937547_14_-study-where_to_find_morel_mushrooms.webm,12,0.4727628529071808,0.7303777039051056
P_08,1491591937547_14_-study-where_to_find_morel_mushrooms.webm,13,0.4730985015630722,0.7303981184959412
P_08,1491591937547_14_-study-where_to_find_morel_mushrooms.webm,14,0.47228698432445526,0.7311027348041534
P_08,1491591937547_14_-study-where_to_find_morel_mushrooms.webm,15,0.47263871133327484,0.7302952110767365
P_08,1491591937547_14_-study-where_to_find_morel_mushrooms.webm,16,0.47191834449768066,0.7299729287624359
P_08,1491591937547_14_-study-where_to_find_morel_mushrooms.webm,17,0.4739760309457779,0.7310968339443207
P_08,1491591937547_14_-study-where_to_find_morel_mushrooms.webm,18,0.4739248752593994,0.7304571866989136
P_08,1491591937547_14_-study-where_to_find_morel_mushrooms.webm,19,0.47355830669403076,0.7299578487873077
P_08,1491591937547_14_-study-where_to_find_morel_mushrooms.webm,20,0.4739445000886917,0.7301952242851257
P_08,1491591937547_14_-study-where_to_find_morel_mushrooms.webm,21,0.47442205250263214,0.7301904261112213
P_08,1491591937547_14_-study-where_to_find_morel_mushrooms.webm,22,0.47364541888237,0.7303268313407898
P_08,1491591937547_14_-study-where_to_find_morel_mushrooms.webm,23,0.4751632511615753,0.7306817173957825
P_08,1491591937547_14_-study-where_to_find_morel_mushrooms.webm,24,0.47585228085517883,0.7302984297275543
P_08,1491591937547_14_-study-where_to_find_morel_mushrooms.webm,25,0.47486527264118195,0.7297704517841339
P_08,1491591937547_14_-study-where_to_find_morel_mushrooms.webm,26,0.47602199018001556,0.7305115759372711
P_08,1491591937547_14_-study-where_to_find_morel_mushrooms.webm,27,0.4756539463996887,0.7306869924068451
P_08,1491591937547_14_-study-where_to_find_morel_mushrooms.webm,28,0.4748777896165848,0.7303219437599182
P_08,1491591937547_14_-study-where_to_find_morel_mushrooms.webm,29,0.47679004073143005,0.7313260138034821
P_08,1491591937547_14_-study-where_to_find_morel_mushrooms.webm,30,0.4768733084201813,0.7307073771953583
P_08,1491591937547_14_-study-where_to_find_morel_mushrooms.webm,31,0.47609156370162964,0.7302736341953278
P_08,1491591937547_14_-study-where_to_find_morel_mushrooms.webm,32,0.47727537155151367,0.7309468984603882
P_08,1491591937547_14_-study-where_to_find_morel_mushrooms.webm,33,0.4768335074186325,0.7306721210479736
P_08,1491591937547_14_-study-where_to_find_morel_mushrooms.webm,34,0.4762479215860367,0.7299391031265259
P_08,1491591937547_14_-study-where_to_find_morel_mushrooms.webm,35,0.4776597321033478,0.7305843830108643
P_08,1491591937547_14_-study-where_to_find_morel_mushrooms.webm,36,0.4769643098115921,0.7304435670375824
P_08,1491591937547_14_-study-where_to_find_morel_mushrooms.webm,37,0.47583621740341187,0.7294570803642273
P_08,1491591937547_14_-study-where_to_find_morel_mushrooms.webm,38,0.4764191508293152,0.7300983965396881
P_08,1491591937547_14_-study-where_to_find_morel_mushrooms.webm,39,0.47567468881607056,0.7294734716415405
P_08,1491591937547_14_-study-where_to_find_morel_mushrooms.webm,40,0.475080743432045,0.7289703786373138
P_08,1491591937547_14_-study-where_to_find_morel_mushrooms.webm,41,0.4757395535707474,0.7293664216995239
P_08,1491591937547_14_-study-where_to_find_morel_mushrooms.webm,42,0.47555139660835266,0.7293190062046051
P_08,1491591937547_14_-study-where_to_find_morel_mushrooms.webm,43,0.47547176480293274,0.7285923659801483
P_08,1491591937547_14_-study-where_to_find_morel_mushrooms.webm,44,0.4758480489253998,0.7289237678050995
P_08,1491591937547_14_-study-where_to_find_morel_mushrooms.webm,45,0.47511017322540283,0.728485643863678
P_08,1491591937547_14_-study-where_to_find_morel_mushrooms.webm,46,0.4749515950679779,0.7279536426067352
P_08,1491591937547_14_-study-where_to_find_morel_mushrooms.webm,47,0.47602492570877075,0.7280953228473663
P_08,1491591937547_14_-study-where_to_find_morel_mushrooms.webm,48,0.4750595986843109,0.7280782759189606
P_08,1491591937547_14_-study-where_to_find_morel_mushrooms.webm,49,0.47414393723011017,0.7274702489376068
P_08,1491591937547_14_-study-where_to_find_morel_mushrooms.webm,50,0.4759712219238281,0.7282365262508392
P_08,1491591937547_14_-study-where_to_find_morel_mushrooms.webm,51,0.47582605481147766,0.7281807065010071
P_08,1491591937547_14_-study-where_to_find_morel_mushrooms.webm,52,0.47490644454956055,0.7278297543525696
P_08,1491591937547_14_-study-where_to_find_morel_mushrooms.webm,53,0.47577252984046936,0.728427529335022
P_08,1491591937547_14_-study-where_to_find_morel_mushrooms.webm,54,0.47552961111068726,0.7282453775405884
P_08,1491591937547_14_-study-where_to_find_morel_mushrooms.webm,55,0.4753766655921936,0.7278830409049988
P_08,1491591937547_14_-study-where_to_find_morel_mushrooms.webm,56,0.4761980175971985,0.7288463115692139
P_08,1491591937547_14_-study-where_to_find_morel_mushrooms.webm,57,0.47560738027095795,0.728908509016037
P_08,1491591937547_14_-study-where_to_find_morel_mushrooms.webm,58,0.4752681404352188,0.7287008166313171
P_08,1491591937547_14_-study-where_to_find_morel_mushrooms.webm,59,0.47614623606204987,0.7293563485145569
P_08,1491591937547_14_-study-where_to_find_morel_mushrooms.webm,60,0.47598424553871155,0.7295137941837311
P_08,1491591937547_14_-study-where_to_find_morel_mushrooms.webm,61,0.4759696274995804,0.7289984226226807
P_08,1491591937547_14_-study-where_to_find_morel_mushrooms.webm,62,0.4772118777036667,0.7297050654888153
P_08,1491591937547_14_-study-where_to_find_morel_mushrooms.webm,63,0.4764503091573715,0.7296347618103027
P_08,1491591937547_14_-study-where_to_find_morel_mushrooms.webm,64,0.4763185381889343,0.7290919125080109
P_08,1491591937547_14_-study-where_to_find_morel_mushrooms.webm,65,0.47686877846717834,0.7294637560844421
P_08,1491591937547_14_-study-where_to_find_morel_mushrooms.webm,66,0.47614313662052155,0.7296415269374847
P_08,1491591937547_14_-study-where_to_find_morel_mushrooms.webm,67,0.475948303937912,0.7290776371955872
P_08,1491591937547_14_-study-where_to_find_morel_mushrooms.webm,68,0.47763240337371826,0.7313376665115356
P_08,1491591937547_14_-study-where_to_find_morel_mushrooms.webm,69,0.4781130254268646,0.7335292398929596
P_08,1491591937547_14_-study-where_to_find_morel_mushrooms.webm,70,0.47515562176704407,0.73415407538414
P_08,1491591937547_14_-study-where_to_find_morel_mushrooms.webm,71,0.4776719659566879,0.7332081496715546
P_08,1491591937547_14_-study-where_to_find_morel_mushrooms.webm,72,0.4771648049354553,0.7322361767292023
P_08,1491591937547_14_-study-where_to_find_morel_mushrooms.webm,73,0.47513429820537567,0.7310315668582916
P_08,1491591937547_14_-study-where_to_find_morel_mushrooms.webm,74,0.4782588481903076,0.731641948223114
P_08,1491591937547_14_-study-where_to_find_morel_mushrooms.webm,75,0.47753696143627167,0.7306165993213654
P_08,1491591937547_14_-study-where_to_find_morel_mushrooms.webm,76,0.47743546962738037,0.7300347685813904
P_08,1491591937547_14_-study-where_to_find_morel_mushrooms.webm,77,0.4791412651538849,0.7303935587406158
P_08,1491591937547_14_-study-where_to_find_morel_mushrooms.webm,78,0.4784981310367584,0.7305464446544647
P_08,1491591937547_14_-study-where_to_find_morel_mushrooms.webm,79,0.476813405752182,0.7295153439044952
P_08,1491591937547_14_-study-where_to_find_morel_mushrooms.webm,80,0.47788912057876587,0.7303890883922577
P_08,1491591937547_14_-study-where_to_find_morel_mushrooms.webm,81,0.47804056107997894,0.7302820086479187
P_08,1491591937547_14_-study-where_to_find_morel_mushrooms.webm,82,0.4773837924003601,0.7294564545154572
P_08,1491591937547_14_-study-where_to_find_morel_mushrooms.webm,83,0.4795440435409546,0.730459064245224
P_08,1491591937547_14_-study-where_to_find_morel_mushrooms.webm,84,0.477904349565506,0.7302237153053284
P_08,1491591937547_14_-study-where_to_find_morel_mushrooms.webm,85,0.47701650857925415,0.7294979095458984
P_08,1491591937547_14_-study-where_to_find_morel_mushrooms.webm,86,0.47856566309928894,0.7306857109069824
P_08,1491591937547_14_-study-where_to_find_morel_mushrooms.webm,87,0.4778776317834854,0.7307078242301941
P_08,1491591937547_14_-study-where_to_find_morel_mushrooms.webm,88,0.4771704226732254,0.7299699783325195
P_08,1491591937547_14_-study-where_to_find_morel_mushrooms.webm,89,0.479562371969223,0.7306648790836334
P_08,1491591937547_14_-study-where_to_find_morel_mushrooms.webm,90,0.4782199412584305,0.7303846776485443
P_08,1491591937547_14_-study-where_to_find_morel_mushrooms.webm,91,0.47822408378124237,0.7294649481773376
P_08,1491591937547_14_-study-where_to_find_morel_mushrooms.webm,92,0.4800085872411728,0.7306492626667023
P_08,1491591937547_14_-study-where_to_find_morel_mushrooms.webm,93,0.47902217507362366,0.7303665280342102
P_08,1491591937547_14_-study-where_to_find_morel_mushrooms.webm,94,0.4794401377439499,0.7292968332767487
P_08,1491591937547_14_-study-where_to_find_morel_mushrooms.webm,95,0.48036542534828186,0.7309780716896057
P_08,1491591937547_14_-study-where_to_find_morel_mushrooms.webm,96,0.47943978011608124,0.7310063242912292
P_08,1491591937547_14_-study-where_to_find_morel_mushrooms.webm,97,0.47865983843803406,0.730794370174408
P_08,1491591937547_14_-study-where_to_find_morel_mushrooms.webm,98,0.4800954908132553,0.7315843999385834
P_08,1491591937547_14_-study-where_to_find_morel_mushrooms.webm,99,0.4790453016757965,0.731358677148819
P_08,1491591937547_16_-study-tooth_abscess_instructions.webm,0,0.4999057203531265,0.7319504916667938
P_08,1491591937547_16_-study-tooth_abscess_instructions.webm,1,0.5003267377614975,0.732072114944458
P_08,1491591937547_16_-study-tooth_abscess_instructions.webm,2,0.49789461493492126,0.7310446202754974
P_08,1491591937547_16_-study-tooth_abscess_instructions.webm,3,0.49910883605480194,0.7322590947151184
P_08,1491591937547_16_-study-tooth_abscess_instructions.webm,4,0.4981936067342758,0.7323065400123596
P_08,1491591937547_16_-study-tooth_abscess_instructions.webm,5,0.49809160828590393,0.7332184612751007
P_08,1491591937547_16_-study-tooth_abscess_instructions.webm,6,0.4987034350633621,0.7328071594238281
P_08,1491591937547_16_-study-tooth_abscess_instructions.webm,7,0.49858973920345306,0.7334603667259216
P_08,1491591937547_16_-study-tooth_abscess_instructions.webm,8,0.49907028675079346,0.7340727150440216
P_08,1491591937547_16_-study-tooth_abscess_instructions.webm,9,0.49974866211414337,0.7352305948734283
P_08,1491591937547_16_-study-tooth_abscess_instructions.webm,10,0.4988348186016083,0.7350320518016815
P_08,1491591937547_16_-study-tooth_abscess_instructions.webm,11,0.49960118532180786,0.7358028590679169
P_08,1491591937547_16_-study-tooth_abscess_instructions.webm,12,0.4995628297328949,0.7357989251613617
P_08,1491591937547_16_-study-tooth_abscess_instructions.webm,13,0.4971354603767395,0.7357534468173981
P_08,1491591937547_16_-study-tooth_abscess_instructions.webm,14,0.4989738166332245,0.7368307113647461
P_08,1491591937547_16_-study-tooth_abscess_instructions.webm,15,0.49920831620693207,0.7375504672527313
P_08,1491591937547_16_-study-tooth_abscess_instructions.webm,16,0.498023122549057,0.7371577024459839
P_08,1491591937547_16_-study-tooth_abscess_instructions.webm,17,0.4996790289878845,0.7380541265010834
P_08,1491591937547_16_-study-tooth_abscess_instructions.webm,18,0.49924544990062714,0.7376745045185089
P_08,1491591937547_16_-study-tooth_abscess_instructions.webm,19,0.4995069056749344,0.7388145327568054
P_08,1491591937547_16_-study-tooth_abscess_instructions.webm,20,0.4992121160030365,0.7383894622325897
P_08,1491591937547_16_-study-tooth_abscess_instructions.webm,21,0.4996546655893326,0.7384767830371857
P_08,1491591937547_16_-study-tooth_abscess_instructions.webm,22,0.49778567254543304,0.7383087575435638
P_08,1491591937547_16_-study-tooth_abscess_instructions.webm,23,0.49925315380096436,0.7384549975395203
P_08,1491591937547_16_-study-tooth_abscess_instructions.webm,24,0.4996752589941025,0.7383200824260712
P_08,1491591937547_16_-study-tooth_abscess_instructions.webm,25,0.49791093170642853,0.7384378612041473
P_08,1491591937547_16_-study-tooth_abscess_instructions.webm,26,0.49964621663093567,0.738995224237442
P_08,1491591937547_16_-study-tooth_abscess_instructions.webm,27,0.4994603842496872,0.7385196685791016
P_08,1491591937547_16_-study-tooth_abscess_instructions.webm,28,0.50040403008461,0.7396024465560913
P_08,1491591937547_16_-study-tooth_abscess_instructions.webm,29,0.4999462813138962,0.738476425409317
P_08,1491591937547_16_-study-tooth_abscess_instructions.webm,30,0.500141978263855,0.7382629811763763
P_08,1491591937547_16_-study-tooth_abscess_instructions.webm,31,0.498774915933609,0.7378536462783813
P_08,1491591937547_16_-study-tooth_abscess_instructions.webm,32,0.5009982734918594,0.7379668354988098
P_08,1491591937547_16_-study-tooth_abscess_instructions.webm,33,0.5010277032852173,0.7375531196594238
P_08,1491591937547_16_-study-tooth_abscess_instructions.webm,34,0.500408723950386,0.738062173128128
P_08,1491591937547_16_-study-tooth_abscess_instructions.webm,35,0.5007968097925186,0.7372655868530273
P_08,1491591937547_16_-study-tooth_abscess_instructions.webm,36,0.5004679262638092,0.7372565865516663
P_08,1491591937547_16_-study-tooth_abscess_instructions.webm,37,0.4993447959423065,0.7363975048065186
P_08,1491591937547_16_-study-tooth_abscess_instructions.webm,38,0.5003989934921265,0.7365923821926117
P_08,1491591937547_16_-study-tooth_abscess_instructions.webm,39,0.5007882714271545,0.7361403107643127
P_08,1491591937547_16_-study-tooth_abscess_instructions.webm,40,0.4994041323661804,0.7361753880977631
P_08,1491591937547_16_-study-tooth_abscess_instructions.webm,41,0.5004628598690033,0.7355417311191559
P_08,1491591937547_16_-study-tooth_abscess_instructions.webm,42,0.5002768486738205,0.7353437840938568
P_08,1491591937547_16_-study-tooth_abscess_instructions.webm,43,0.4998253583908081,0.7349498867988586
P_08,1491591937547_16_-study-tooth_abscess_instructions.webm,44,0.49985840916633606,0.7346505224704742
P_08,1491591937547_16_-study-tooth_abscess_instructions.webm,45,0.5000737011432648,0.7347716391086578
P_08,1491591937547_16_-study-tooth_abscess_instructions.webm,46,0.498323529958725,0.7330031394958496
P_08,1491591937547_16_-study-tooth_abscess_instructions.webm,47,0.49826952815055847,0.7325095236301422
P_08,1491591937547_16_-study-tooth_abscess_instructions.webm,48,0.49831855297088623,0.7322651147842407
P_08,1491591937547_16_-study-tooth_abscess_instructions.webm,49,0.4970739632844925,0.7313873171806335
P_08,1491591937547_16_-study-tooth_abscess_instructions.webm,50,0.49682365357875824,0.7307195663452148
P_08,1491591937547_16_-study-tooth_abscess_instructions.webm,51,0.4971277564764023,0.7303135693073273
P_08,1491591937547_16_-study-tooth_abscess_instructions.webm,52,0.4964636266231537,0.7295088469982147
P_08,1491591937547_16_-study-tooth_abscess_instructions.webm,53,0.4964812099933624,0.7294807136058807
P_08,1491591937547_16_-study-tooth_abscess_instructions.webm,54,0.49749134480953217,0.7297277748584747
P_08,1491591937547_16_-study-tooth_abscess_instructions.webm,55,0.49671168625354767,0.7291785180568695
P_08,1491591937547_16_-study-tooth_abscess_instructions.webm,56,0.49681466817855835,0.7295214533805847
P_08,1491591937547_16_-study-tooth_abscess_instructions.webm,57,0.497055321931839,0.7299298048019409
P_08,1491591937547_16_-study-tooth_abscess_instructions.webm,58,0.4960947334766388,0.7290721833705902
P_08,1491591937547_16_-study-tooth_abscess_instructions.webm,59,0.4967026859521866,0.7289946973323822
P_08,1491591937547_16_-study-tooth_abscess_instructions.webm,60,0.49701206386089325,0.7290127575397491
P_08,1491591937547_16_-study-tooth_abscess_instructions.webm,61,0.495244637131691,0.7290444374084473
P_08,1491591937547_16_-study-tooth_abscess_instructions.webm,62,0.49525468051433563,0.7288503348827362
P_08,1491591937547_16_-study-tooth_abscess_instructions.webm,63,0.4955705553293228,0.7284627854824066
P_08,1491591937547_16_-study-tooth_abscess_instructions.webm,64,0.4949543923139572,0.7288735806941986
P_08,1491591937547_16_-study-tooth_abscess_instructions.webm,65,0.49546222388744354,0.7291143834590912
P_08,1491591937547_16_-study-tooth_abscess_instructions.webm,66,0.49648505449295044,0.7284439206123352
P_08,1491591937547_16_-study-tooth_abscess_instructions.webm,67,0.49556244909763336,0.7286584675312042
P_08,1491591937547_16_-study-tooth_abscess_instructions.webm,68,0.49485713243484497,0.7294888198375702
P_08,1491591937547_16_-study-tooth_abscess_instructions.webm,69,0.4948893040418625,0.7294936180114746
P_08,1491591937547_16_-study-tooth_abscess_instructions.webm,70,0.4946044087409973,0.7298215925693512
P_08,1491591937547_16_-study-tooth_abscess_instructions.webm,71,0.4950472414493561,0.7297294437885284
P_08,1491591937547_16_-study-tooth_abscess_instructions.webm,72,0.4954261928796768,0.7297544777393341
P_08,1491591937547_16_-study-tooth_abscess_instructions.webm,73,0.4946200102567673,0.729871928691864
P_08,1491591937547_16_-study-tooth_abscess_instructions.webm,74,0.49512122571468353,0.7302955389022827
P_08,1491591937547_16_-study-tooth_abscess_instructions.webm,75,0.4960622787475586,0.73041170835495
P_08,1491591937547_16_-study-tooth_abscess_instructions.webm,76,0.4951697587966919,0.7305686771869659
P_08,1491591937547_16_-study-tooth_abscess_instructions.webm,77,0.49581246078014374,0.7312065362930298
P_08,1491591937547_16_-study-tooth_abscess_instructions.webm,78,0.4967859536409378,0.7312631607055664
P_08,1491591937547_16_-study-tooth_abscess_instructions.webm,79,0.49582087993621826,0.7313508093357086
P_08,1491591937547_16_-study-tooth_abscess_instructions.webm,80,0.4966629892587662,0.7321606874465942
P_08,1491591937547_16_-study-tooth_abscess_instructions.webm,81,0.49706296622753143,0.7321131527423859
P_08,1491591937547_16_-study-tooth_abscess_instructions.webm,82,0.49642711877822876,0.7319720983505249
P_08,1491591937547_16_-study-tooth_abscess_instructions.webm,83,0.4972742944955826,0.7323803603649139
P_08,1491591937547_16_-study-tooth_abscess_instructions.webm,84,0.4982357621192932,0.7331986725330353
P_08,1491591937547_16_-study-tooth_abscess_instructions.webm,85,0.49661779403686523,0.7328651249408722
P_08,1491591937547_16_-study-tooth_abscess_instructions.webm,86,0.49766144156455994,0.7336999177932739
P_08,1491591937547_16_-study-tooth_abscess_instructions.webm,87,0.49811042845249176,0.7335049510002136
P_08,1491591937547_16_-study-tooth_abscess_instructions.webm,88,0.49673303961753845,0.7337329387664795
P_08,1491591937547_16_-study-tooth_abscess_instructions.webm,89,0.49760444462299347,0.7343612015247345
P_08,1491591937547_16_-study-tooth_abscess_instructions.webm,90,0.4978298544883728,0.7337847054004669
P_08,1491591937547_16_-study-tooth_abscess_instructions.webm,91,0.4970642179250717,0.7342060208320618
P_08,1491591937547_16_-study-tooth_abscess_instructions.webm,92,0.49775370955467224,0.734257310628891
P_08,1491591937547_16_-study-tooth_abscess_instructions.webm,93,0.49855397641658783,0.7353997230529785
P_08,1491591937547_16_-study-tooth_abscess_instructions.webm,94,0.49684491753578186,0.7353881895542145
P_08,1491591937547_16_-study-tooth_abscess_instructions.webm,95,0.49821752309799194,0.7358443737030029
P_08,1491591937547_19_-study-dot_test_final_instructions.webm,0,0.4731665551662445,0.7251060009002686
P_08,1491591937547_19_-study-dot_test_final_instructions.webm,1,0.4726124405860901,0.7252203822135925
P_08,1491591937547_19_-study-dot_test_final_instructions.webm,2,0.4727477431297302,0.7265668511390686
P_08,1491591937547_19_-study-dot_test_final_instructions.webm,3,0.47341981530189514,0.7259963750839233
P_08,1491591937547_19_-study-dot_test_final_instructions.webm,4,0.47369952499866486,0.7266227006912231
P_08,1491591937547_19_-study-dot_test_final_instructions.webm,5,0.4725615382194519,0.7276697754859924
P_08,1491591937547_19_-study-dot_test_final_instructions.webm,6,0.4738984555006027,0.7265276610851288
P_08,1491591937547_19_-study-dot_test_final_instructions.webm,7,0.474636048078537,0.7268297374248505
P_08,1491591937547_19_-study-dot_test_final_instructions.webm,8,0.4725912809371948,0.7275891005992889
P_08,1491591937547_19_-study-dot_test_final_instructions.webm,9,0.4739758372306824,0.7273667752742767
P_08,1491591937547_19_-study-dot_test_final_instructions.webm,10,0.4736464023590088,0.7272616326808929
P_08,1491591937547_19_-study-dot_test_final_instructions.webm,11,0.4727253317832947,0.7276792526245117
P_08,1491591937547_19_-study-dot_test_final_instructions.webm,12,0.47265230119228363,0.7278507649898529
P_08,1491591937547_19_-study-dot_test_final_instructions.webm,13,0.47452159225940704,0.7272137999534607
P_08,1491591937547_19_-study-dot_test_final_instructions.webm,14,0.4731612801551819,0.7279960811138153
P_08,1491591937547_19_-study-dot_test_final_instructions.webm,15,0.47456809878349304,0.7276389300823212
P_08,1491591937547_19_-study-dot_test_final_instructions.webm,16,0.4745159447193146,0.7278168201446533
P_08,1491591937547_19_-study-dot_test_final_instructions.webm,17,0.47334934771060944,0.72755166888237
P_08,1491591937547_19_-study-dot_test_final_instructions.webm,18,0.47463327646255493,0.7270671129226685
P_08,1491591937547_19_-study-dot_test_final_instructions.webm,19,0.47387637197971344,0.7272592782974243
P_08,1491591937547_19_-study-dot_test_final_instructions.webm,20,0.4733611047267914,0.7272839546203613
P_08,1491591937547_19_-study-dot_test_final_instructions.webm,21,0.4747582823038101,0.7272539734840393
P_08,1491591937547_19_-study-dot_test_final_instructions.webm,22,0.47371844947338104,0.7265225648880005
P_08,1491591937547_19_-study-dot_test_final_instructions.webm,23,0.472806915640831,0.7273805439472198
P_08,1491591937547_19_-study-dot_test_final_instructions.webm,24,0.4744315445423126,0.7267305850982666
P_08,1491591937547_19_-study-dot_test_final_instructions.webm,25,0.47469140589237213,0.7271392643451691
P_08,1491591937547_19_-study-dot_test_final_instructions.webm,26,0.4742789715528488,0.7278515994548798
P_08,1491591937547_19_-study-dot_test_final_instructions.webm,27,0.47577589750289917,0.7279080152511597
P_08,1491591937547_19_-study-dot_test_final_instructions.webm,28,0.47596414387226105,0.7279604971408844
P_08,1491591937547_19_-study-dot_test_final_instructions.webm,29,0.47558455169200897,0.7289232909679413
P_08,1491591937547_19_-study-dot_test_final_instructions.webm,30,0.47652652859687805,0.7279346585273743
P_08,1491591937547_19_-study-dot_test_final_instructions.webm,31,0.47669702768325806,0.7282214164733887
P_08,1491591937547_19_-study-dot_test_final_instructions.webm,32,0.4756552129983902,0.728952944278717
P_08,1491591937547_19_-study-dot_test_final_instructions.webm,33,0.4764305353164673,0.7285780012607574
P_08,1491591937547_19_-study-dot_test_final_instructions.webm,34,0.47644440829753876,0.7284374833106995
P_08,1491591937547_19_-study-dot_test_final_instructions.webm,35,0.4753229022026062,0.7280793786048889
P_08,1491591937547_19_-study-dot_test_final_instructions.webm,36,0.4761020243167877,0.728044718503952
P_08,1491591937547_19_-study-dot_test_final_instructions.webm,37,0.4749303460121155,0.7277917861938477
P_08,1491591937547_19_-study-dot_test_final_instructions.webm,38,0.47300294041633606,0.7282606363296509
P_08,1491591937547_19_-study-dot_test_final_instructions.webm,39,0.4745810180902481,0.7282346487045288
P_08,1491591937547_19_-study-dot_test_final_instructions.webm,40,0.4741937667131424,0.7280680537223816
P_08,1491591937547_19_-study-dot_test_final_instructions.webm,41,0.4732642322778702,0.7283677756786346
P_08,1491591937547_19_-study-dot_test_final_instructions.webm,42,0.4744532108306885,0.7279083728790283
P_08,1491591937547_19_-study-dot_test_final_instructions.webm,43,0.47431015968322754,0.7282785773277283
P_08,1491591937547_19_-study-dot_test_final_instructions.webm,44,0.4725673794746399,0.7290841042995453
P_08,1491591937547_19_-study-dot_test_final_instructions.webm,45,0.4738375246524811,0.7291179597377777
P_08,1491591937547_19_-study-dot_test_final_instructions.webm,46,0.4740889221429825,0.7291212379932404
P_08,1491591937547_19_-study-dot_test_final_instructions.webm,47,0.47244735062122345,0.7289146184921265
P_08,1491591937547_19_-study-dot_test_final_instructions.webm,48,0.47425512969493866,0.7284667491912842
P_08,1491591937547_19_-study-dot_test_final_instructions.webm,49,0.47256913781166077,0.7292460501194
P_08,1491591937547_19_-study-dot_test_final_instructions.webm,50,0.47145357728004456,0.7291244864463806
P_08,1491591937547_19_-study-dot_test_final_instructions.webm,51,0.4724942147731781,0.7291814088821411
P_08,1491591937547_19_-study-dot_test_final_instructions.webm,52,0.4719952195882797,0.7288114130496979
P_08,1491591937547_19_-study-dot_test_final_instructions.webm,53,0.47110071778297424,0.7294162213802338
P_08,1491591937547_19_-study-dot_test_final_instructions.webm,54,0.4741515964269638,0.7308745384216309
P_08,1491591937547_19_-study-dot_test_final_instructions.webm,55,0.47281044721603394,0.7305614948272705
P_08,1491591937547_19_-study-dot_test_final_instructions.webm,56,0.4709237217903137,0.7298365533351898
P_08,1491591937547_19_-study-dot_test_final_instructions.webm,57,0.47360391914844513,0.730068564414978
P_08,1491591937547_19_-study-dot_test_final_instructions.webm,58,0.4724927544593811,0.7298877239227295
P_08,1491591937547_19_-study-dot_test_final_instructions.webm,59,0.4715334624052048,0.7298438847064972
P_08,1491591937547_19_-study-dot_test_final_instructions.webm,60,0.47349900007247925,0.730239063501358
P_08,1491591937547_19_-study-dot_test_final_instructions.webm,61,0.4722442328929901,0.7300214171409607
P_08,1491591937547_19_-study-dot_test_final_instructions.webm,62,0.47044672071933746,0.7303094863891602
P_08,1491591937547_19_-study-dot_test_final_instructions.webm,63,0.47319620847702026,0.7312209010124207
P_08,1491591937547_19_-study-dot_test_final_instructions.webm,64,0.4719449430704117,0.7305862605571747
P_08,1491591937547_19_-study-dot_test_final_instructions.webm,65,0.46983496844768524,0.7307310402393341
P_08,1491591937547_19_-study-dot_test_final_instructions.webm,66,0.471841499209404,0.7315915524959564
P_08,1491591937547_19_-study-dot_test_final_instructions.webm,67,0.4705728143453598,0.7317249774932861
P_08,1491591937547_19_-study-dot_test_final_instructions.webm,68,0.46912112832069397,0.7319219410419464
P_08,1491591937547_19_-study-dot_test_final_instructions.webm,69,0.4725051820278168,0.7328853607177734
P_08,1491591937547_19_-study-dot_test_final_instructions.webm,70,0.47036416828632355,0.7323804199695587
P_08,1491591937547_19_-study-dot_test_final_instructions.webm,71,0.469300776720047,0.7325049042701721
P_08,1491591937547_19_-study-dot_test_final_instructions.webm,72,0.47200191020965576,0.7331290245056152
P_08,1491591937547_19_-study-dot_test_final_instructions.webm,73,0.470125749707222,0.7326891720294952
P_08,1491591937547_19_-study-dot_test_final_instructions.webm,74,0.46881793439388275,0.7335414290428162
P_08,1491591937547_19_-study-dot_test_final_instructions.webm,75,0.4716760069131851,0.7346453070640564
P_08,1491591937547_19_-study-dot_test_final_instructions.webm,76,0.4692746251821518,0.733931839466095
P_08,1491591937547_19_-study-dot_test_final_instructions.webm,77,0.4684499204158783,0.7335300147533417
P_08,1491591937547_19_-study-dot_test_final_instructions.webm,78,0.4687983840703964,0.7336341738700867
P_08,1491591937547_19_-study-dot_test_final_instructions.webm,79,0.46935875713825226,0.7339059114456177
P_08,1491591937547_19_-study-dot_test_final_instructions.webm,80,0.46823421120643616,0.7340121865272522
P_08,1491591937547_19_-study-dot_test_final_instructions.webm,81,0.47096189856529236,0.7347662448883057
P_08,1491591937547_19_-study-dot_test_final_instructions.webm,82,0.4695255011320114,0.7338732779026031
P_08,1491591937547_19_-study-dot_test_final_instructions.webm,83,0.46896420419216156,0.7335882782936096
P_08,1491591937547_19_-study-dot_test_final_instructions.webm,84,0.47108881175518036,0.733932226896286
P_08,1491591937547_19_-study-dot_test_final_instructions.webm,85,0.469589427113533,0.7336571216583252
P_08,1491591937547_19_-study-dot_test_final_instructions.webm,86,0.46867941319942474,0.7338879406452179
P_08,1491591937547_19_-study-dot_test_final_instructions.webm,87,0.47137632966041565,0.7342581748962402
P_08,1491591937547_19_-study-dot_test_final_instructions.webm,88,0.4699171334505081,0.7340629398822784
P_08,1491591937547_19_-study-dot_test_final_instructions.webm,89,0.46904729306697845,0.7344211339950562
P_08,1491591937547_19_-study-dot_test_final_instructions.webm,90,0.4704238176345825,0.7346740663051605
P_08,1491591937547_19_-study-dot_test_final_instructions.webm,91,0.46961022913455963,0.7343644797801971
P_08,1491591937547_19_-study-dot_test_final_instructions.webm,92,0.46882013976573944,0.7343532145023346
P_08,1491591937547_19_-study-dot_test_final_instructions.webm,93,0.46941085159778595,0.7344508767127991
P_08,1491591937547_19_-study-dot_test_final_instructions.webm,94,0.4692300409078598,0.7344181835651398
P_08,1491591937547_19_-study-dot_test_final_instructions.webm,95,0.46856689453125,0.7348946332931519
P_08,1491591937547_19_-study-dot_test_final_instructions.webm,96,0.4697999954223633,0.7346199750900269
P_08,1491591937547_19_-study-dot_test_final_instructions.webm,97,0.46920832991600037,0.7344150841236115
P_08,1491591937547_19_-study-dot_test_final_instructions.webm,98,0.4686107635498047,0.7347767353057861
P_08,1491591937547_19_-study-dot_test_final_instructions.webm,99,0.46921028196811676,0.7350476086139679
P_08,1491591937547_4_-study-fitts_law_instructions.webm,0,0.4748947322368622,0.7229706048965454
P_08,1491591937547_4_-study-fitts_law_instructions.webm,1,0.4743453413248062,0.7228221297264099
P_08,1491591937547_4_-study-fitts_law_instructions.webm,2,0.47569525241851807,0.72163125872612
P_08,1491591937547_4_-study-fitts_law_instructions.webm,3,0.47603537142276764,0.7212134301662445
P_08,1491591937547_4_-study-fitts_law_instructions.webm,4,0.47595104575157166,0.7206778526306152
P_08,1491591937547_4_-study-fitts_law_instructions.webm,5,0.47638970613479614,0.7192603349685669
P_08,1491591937547_4_-study-fitts_law_instructions.webm,6,0.47653044760227203,0.7190263867378235
P_08,1491591937547_4_-study-fitts_law_instructions.webm,7,0.4766884595155716,0.7182497978210449
P_08,1491591937547_4_-study-fitts_law_instructions.webm,8,0.4769010543823242,0.7174570262432098
P_08,1491591937547_4_-study-fitts_law_instructions.webm,9,0.4772195369005203,0.7167233526706696
P_08,1491591937547_4_-study-fitts_law_instructions.webm,10,0.4775410294532776,0.7165827453136444
P_08,1491591937547_4_-study-fitts_law_instructions.webm,11,0.477682888507843,0.7157788872718811
P_08,1491591937547_4_-study-fitts_law_instructions.webm,12,0.4776688516139984,0.7153600752353668
P_08,1491591937547_4_-study-fitts_law_instructions.webm,13,0.4776329845190048,0.715265542268753
P_08,1491591937547_4_-study-fitts_law_instructions.webm,14,0.47748973965644836,0.7144482433795929
P_08,1491591937547_4_-study-fitts_law_instructions.webm,15,0.4775041490793228,0.7138336002826691
P_08,1491591937547_4_-study-fitts_law_instructions.webm,16,0.47749505937099457,0.7136453688144684
P_08,1491591937547_4_-study-fitts_law_instructions.webm,17,0.47725459933280945,0.7132422924041748
P_08,1491591937547_4_-study-fitts_law_instructions.webm,18,0.47716696560382843,0.7131126224994659
P_08,1491591937547_4_-study-fitts_law_instructions.webm,19,0.47682324051856995,0.7130515575408936
P_08,1491591937547_4_-study-fitts_law_instructions.webm,20,0.47675034403800964,0.7127276062965393
P_08,1491591937547_4_-study-fitts_law_instructions.webm,21,0.47506970167160034,0.7126061916351318
P_08,1491591937547_4_-study-fitts_law_instructions.webm,22,0.4751322567462921,0.7124249041080475
P_08,1491591937547_4_-study-fitts_law_instructions.webm,23,0.4744599312543869,0.7118831276893616
P_08,1491591937547_4_-study-fitts_law_instructions.webm,24,0.4738554507493973,0.7122966349124908
P_08,1491591937547_4_-study-fitts_law_instructions.webm,25,0.47338782250881195,0.7119766473770142
P_08,1491591937547_4_-study-fitts_law_instructions.webm,26,0.47278155386447906,0.711106538772583
P_08,1491591937547_4_-study-fitts_law_instructions.webm,27,0.47206664085388184,0.7111275494098663
P_08,1491591937547_4_-study-fitts_law_instructions.webm,28,0.47181136906147003,0.7110371291637421
P_08,1491591937547_4_-study-fitts_law_instructions.webm,29,0.4710588753223419,0.7102815508842468
P_08,1491591937547_4_-study-fitts_law_instructions.webm,30,0.4704730063676834,0.7094656527042389
P_08,1491591937547_4_-study-fitts_law_instructions.webm,31,0.4707670211791992,0.7094206809997559
P_08,1491591937547_4_-study-fitts_law_instructions.webm,32,0.4699936956167221,0.7088381946086884
P_08,1491591937547_4_-study-fitts_law_instructions.webm,33,0.4694679379463196,0.7087805569171906
P_08,1491591937547_4_-study-fitts_law_instructions.webm,34,0.46959206461906433,0.7086555063724518
P_08,1491591937547_4_-study-fitts_law_instructions.webm,35,0.4693630635738373,0.7083544433116913
P_08,1491591937547_4_-study-fitts_law_instructions.webm,36,0.4692571461200714,0.7088649868965149
P_08,1491591937547_4_-study-fitts_law_instructions.webm,37,0.4688219279050827,0.710356205701828
P_08,1491591937547_4_-study-fitts_law_instructions.webm,38,0.46818891167640686,0.7100473642349243
P_08,1491591937547_4_-study-fitts_law_instructions.webm,39,0.468195378780365,0.710169643163681
P_08,1491591937547_4_-study-fitts_law_instructions.webm,40,0.4684657007455826,0.7107095420360565
P_08,1491591937547_4_-study-fitts_law_instructions.webm,41,0.467799574136734,0.7110555469989777
P_08,1491591937547_4_-study-fitts_law_instructions.webm,42,0.467859610915184,0.7113566398620605
P_08,1491591937547_4_-study-fitts_law_instructions.webm,43,0.46797749400138855,0.7113137245178223
P_08,1491591937547_4_-study-fitts_law_instructions.webm,44,0.46793341636657715,0.7111750841140747
P_08,1491591937547_4_-study-fitts_law_instructions.webm,45,0.4680083841085434,0.7116758227348328
P_08,1491591937547_4_-study-fitts_law_instructions.webm,46,0.46841152012348175,0.7116658687591553
P_08,1491591937547_4_-study-fitts_law_instructions.webm,47,0.4690791666507721,0.7110092043876648
P_08,1491591937547_4_-study-fitts_law_instructions.webm,48,0.4691426306962967,0.7113477289676666
P_08,1491591937547_4_-study-fitts_law_instructions.webm,49,0.46971067786216736,0.7117854058742523
P_08,1491591937547_4_-study-fitts_law_instructions.webm,50,0.47003065049648285,0.711828202009201
P_08,1491591937547_4_-study-fitts_law_instructions.webm,51,0.4700404107570648,0.7121721506118774
P_08,1491591937547_4_-study-fitts_law_instructions.webm,52,0.4713846445083618,0.7139037549495697
P_08,1491591937547_4_-study-fitts_law_instructions.webm,53,0.47149012982845306,0.7141079604625702
P_08,1491591937547_4_-study-fitts_law_instructions.webm,54,0.47124163806438446,0.7147974967956543
P_08,1491591937547_4_-study-fitts_law_instructions.webm,55,0.47233521938323975,0.7155030071735382
P_08,1491591937547_4_-study-fitts_law_instructions.webm,56,0.4726267158985138,0.7160498797893524
P_08,1491591937547_4_-study-fitts_law_instructions.webm,57,0.47302138805389404,0.71693554520607
P_08,1491591937547_4_-study-fitts_law_instructions.webm,58,0.47279565036296844,0.7170083522796631
P_08,1491591937547_4_-study-fitts_law_instructions.webm,59,0.4723803550004959,0.7171070277690887
P_08,1491591937547_4_-study-fitts_law_instructions.webm,60,0.4722922444343567,0.717595636844635
P_08,1491591937547_4_-study-fitts_law_instructions.webm,61,0.47298547625541687,0.7195725739002228
P_08,1491591937547_4_-study-fitts_law_instructions.webm,62,0.47337812185287476,0.7191954255104065
P_08,1491591937547_4_-study-fitts_law_instructions.webm,63,0.47290998697280884,0.7194976806640625
P_08,1491591937547_4_-study-fitts_law_instructions.webm,64,0.47274617850780487,0.7205216586589813
P_08,1491591937547_4_-study-fitts_law_instructions.webm,65,0.4729044884443283,0.7208118438720703
P_08,1491591937547_4_-study-fitts_law_instructions.webm,66,0.4722447842359543,0.7212333083152771
P_08,1491591937547_4_-study-fitts_law_instructions.webm,67,0.47238966822624207,0.7223221957683563
P_08,1491591937547_4_-study-fitts_law_instructions.webm,68,0.4729204773902893,0.7225975692272186
P_08,1491591937547_4_-study-fitts_law_instructions.webm,69,0.4719936102628708,0.7221732437610626
P_08,1491591937547_4_-study-fitts_law_instructions.webm,70,0.4725473076105118,0.7227988243103027
P_08,1491591937547_4_-study-fitts_law_instructions.webm,71,0.4717743396759033,0.7223149240016937
P_08,1491591937547_4_-study-fitts_law_instructions.webm,72,0.47147130966186523,0.7226856350898743
P_08,1491591937547_4_-study-fitts_law_instructions.webm,73,0.47215601801872253,0.723188579082489
P_08,1491591937547_4_-study-fitts_law_instructions.webm,74,0.47161510586738586,0.7229657173156738
P_08,1491591937547_4_-study-fitts_law_instructions.webm,75,0.4717496782541275,0.7228428721427917
P_08,1491591937547_4_-study-fitts_law_instructions.webm,76,0.4726766496896744,0.7243006527423859
P_08,1491591937547_4_-study-fitts_law_instructions.webm,77,0.4728248715400696,0.724418967962265
P_08,1491591937547_4_-study-fitts_law_instructions.webm,78,0.47238974273204803,0.7240836322307587
P_08,1491591937547_4_-study-fitts_law_instructions.webm,79,0.47316625714302063,0.7250708639621735
P_08,1491591937547_4_-study-fitts_law_instructions.webm,80,0.4733927547931671,0.724723219871521
P_08,1491591937547_4_-study-fitts_law_instructions.webm,81,0.47416751086711884,0.7253782451152802
P_08,1491591937547_4_-study-fitts_law_instructions.webm,82,0.4745005965232849,0.7259918749332428
P_08,1491591937547_4_-study-fitts_law_instructions.webm,83,0.47447438538074493,0.7258809208869934
P_08,1491591937547_4_-study-fitts_law_instructions.webm,84,0.4737350344657898,0.7261476218700409
P_08,1491591937547_4_-study-fitts_law_instructions.webm,85,0.4745156168937683,0.7266889214515686
P_08,1491591937547_4_-study-fitts_law_instructions.webm,86,0.47523240745067596,0.7268648147583008
P_08,1491591937547_4_-study-fitts_law_instructions.webm,87,0.47405485808849335,0.7266910076141357
P_08,1491591937547_4_-study-fitts_law_instructions.webm,88,0.4746122509241104,0.7271541357040405
P_08,1491591937547_4_-study-fitts_law_instructions.webm,89,0.47502365708351135,0.7271236181259155
P_08,1491591937547_4_-study-fitts_law_instructions.webm,90,0.47393253445625305,0.726710170507431
P_08,1491591937547_4_-study-fitts_law_instructions.webm,91,0.4743718206882477,0.7268171906471252
P_08,1491591937547_4_-study-fitts_law_instructions.webm,92,0.47471457719802856,0.7265245020389557
P_08,1491591937547_4_-study-fitts_law_instructions.webm,93,0.47405967116355896,0.7259390950202942
P_08,1491591937547_4_-study-fitts_law_instructions.webm,94,0.47478683292865753,0.7262639701366425
P_08,1491591937547_4_-study-fitts_law_instructions.webm,95,0.4750620722770691,0.7259463667869568
P_08,1491591937547_4_-study-fitts_law_instructions.webm,96,0.47424614429473877,0.725553572177887
P_08,1491591937547_4_-study-fitts_law_instructions.webm,97,0.47487016022205353,0.7260190844535828
P_08,1491591937547_4_-study-fitts_law_instructions.webm,98,0.4748889356851578,0.7255813181400299
P_08,1491591937547_4_-study-fitts_law_instructions.webm,99,0.4741526246070862,0.7254842519760132
P_08,1491591937547_7_-study-benefits_of_running_instructions.webm,0,0.4740549623966217,0.7265508472919464
P_08,1491591937547_7_-study-benefits_of_running_instructions.webm,1,0.4739156812429428,0.7258938848972321
P_08,1491591937547_7_-study-benefits_of_running_instructions.webm,2,0.473363921046257,0.7260863482952118
P_08,1491591937547_7_-study-benefits_of_running_instructions.webm,3,0.4736746549606323,0.7253596186637878
P_08,1491591937547_7_-study-benefits_of_running_instructions.webm,4,0.4738742262125015,0.7247461676597595
P_08,1491591937547_7_-study-benefits_of_running_instructions.webm,5,0.47488386929035187,0.7248784601688385
P_08,1491591937547_7_-study-benefits_of_running_instructions.webm,6,0.47431468963623047,0.7239290177822113
P_08,1491591937547_7_-study-benefits_of_running_instructions.webm,7,0.47458580136299133,0.7240596115589142
P_08,1491591937547_7_-study-benefits_of_running_instructions.webm,8,0.47493164241313934,0.724709153175354
P_08,1491591937547_7_-study-benefits_of_running_instructions.webm,9,0.47549907863140106,0.7243708372116089
P_08,1491591937547_7_-study-benefits_of_running_instructions.webm,10,0.4753398597240448,0.7250763177871704
P_08,1491591937547_7_-study-benefits_of_running_instructions.webm,11,0.4758020341396332,0.7253856956958771
P_08,1491591937547_7_-study-benefits_of_running_instructions.webm,12,0.47524794936180115,0.7243841290473938
P_08,1491591937547_7_-study-benefits_of_running_instructions.webm,13,0.47536224126815796,0.7245810329914093
P_08,1491591937547_7_-study-benefits_of_running_instructions.webm,14,0.47520796954631805,0.7256052196025848
P_08,1491591937547_7_-study-benefits_of_running_instructions.webm,15,0.4749213308095932,0.7250565588474274
P_08,1491591937547_7_-study-benefits_of_running_instructions.webm,16,0.4749904274940491,0.7254535853862762
P_08,1491591937547_7_-study-benefits_of_running_instructions.webm,17,0.4757922738790512,0.7256553471088409
P_08,1491591937547_7_-study-benefits_of_running_instructions.webm,18,0.4753720909357071,0.7252888977527618
P_08,1491591937547_7_-study-benefits_of_running_instructions.webm,19,0.4749690145254135,0.725917249917984
P_08,1491591937547_7_-study-benefits_of_running_instructions.webm,20,0.47494547069072723,0.7256329953670502
P_08,1491591937547_7_-study-benefits_of_running_instructions.webm,21,0.47422099113464355,0.7252488732337952
P_08,1491591937547_7_-study-benefits_of_running_instructions.webm,22,0.47483350336551666,0.7259825468063354
P_08,1491591937547_7_-study-benefits_of_running_instructions.webm,23,0.4752490073442459,0.725757360458374
P_08,1491591937547_7_-study-benefits_of_running_instructions.webm,24,0.4750450402498245,0.7255321741104126
P_08,1491591937547_7_-study-benefits_of_running_instructions.webm,25,0.4756375402212143,0.7257266044616699
P_08,1491591937547_7_-study-benefits_of_running_instructions.webm,26,0.4756893515586853,0.7259102463722229
P_08,1491591937547_7_-study-benefits_of_running_instructions.webm,27,0.4750729948282242,0.7252650558948517
P_08,1491591937547_7_-study-benefits_of_running_instructions.webm,28,0.47525186836719513,0.7253594398498535
P_08,1491591937547_7_-study-benefits_of_running_instructions.webm,29,0.47569337487220764,0.7256356179714203
P_08,1491591937547_7_-study-benefits_of_running_instructions.webm,30,0.4755578339099884,0.7248367965221405
P_08,1491591937547_7_-study-benefits_of_running_instructions.webm,31,0.4753411114215851,0.7252553999423981
P_08,1491591937547_7_-study-benefits_of_running_instructions.webm,32,0.47594183683395386,0.7249564826488495
P_08,1491591937547_7_-study-benefits_of_running_instructions.webm,33,0.4746341109275818,0.7246032655239105
P_08,1491591937547_7_-study-benefits_of_running_instructions.webm,34,0.4747340530157089,0.7242980897426605
P_08,1491591937547_7_-study-benefits_of_running_instructions.webm,35,0.47521381080150604,0.7243209481239319
P_08,1491591937547_7_-study-benefits_of_running_instructions.webm,36,0.47519613802433014,0.7237042486667633
P_08,1491591937547_7_-study-benefits_of_running_instructions.webm,37,0.4751395583152771,0.7230936288833618
P_08,1491591937547_7_-study-benefits_of_running_instructions.webm,38,0.47405214607715607,0.7213942110538483
P_08,1491591937547_7_-study-benefits_of_running_instructions.webm,39,0.4734189808368683,0.7196279764175415
P_08,1491591937547_7_-study-benefits_of_running_instructions.webm,40,0.47260794043540955,0.7175264358520508
P_08,1491591937547_7_-study-benefits_of_running_instructions.webm,41,0.4725252091884613,0.7170986831188202
P_08,1491591937547_7_-study-benefits_of_running_instructions.webm,42,0.4723036140203476,0.7151411473751068
P_08,1491591937547_7_-study-benefits_of_running_instructions.webm,43,0.4720223397016525,0.7146937251091003
P_08,1491591937547_7_-study-benefits_of_running_instructions.webm,44,0.4718691408634186,0.7144452333450317
P_08,1491591937547_7_-study-benefits_of_running_instructions.webm,45,0.471865251660347,0.7142453193664551
P_08,1491591937547_7_-study-benefits_of_running_instructions.webm,46,0.47101838886737823,0.712990939617157
P_08,1491591937547_7_-study-benefits_of_running_instructions.webm,47,0.47036366164684296,0.7124036848545074
P_08,1491591937547_7_-study-benefits_of_running_instructions.webm,48,0.47075703740119934,0.7113900482654572
P_08,1491591937547_7_-study-benefits_of_running_instructions.webm,49,0.47078095376491547,0.7102583646774292
P_08,1491591937547_7_-study-benefits_of_running_instructions.webm,50,0.47104059159755707,0.709764152765274
P_08,1491591937547_7_-study-benefits_of_running_instructions.webm,51,0.47033701837062836,0.7082852125167847
P_08,1491591937547_7_-study-benefits_of_running_instructions.webm,52,0.4700276106595993,0.7076112627983093
P_08,1491591937547_7_-study-benefits_of_running_instructions.webm,53,0.4714348316192627,0.7071324586868286
P_08,1491591937547_7_-study-benefits_of_running_instructions.webm,54,0.4720904529094696,0.7068200409412384
P_08,1491591937547_7_-study-benefits_of_running_instructions.webm,55,0.47308847308158875,0.7064436376094818
P_08,1491591937547_7_-study-benefits_of_running_instructions.webm,56,0.4735948443412781,0.7064376473426819
P_08,1491591937547_7_-study-benefits_of_running_instructions.webm,57,0.47367049753665924,0.7058501243591309
P_08,1491591937547_7_-study-benefits_of_running_instructions.webm,58,0.47402724623680115,0.7053722441196442
P_08,1491591937547_7_-study-benefits_of_running_instructions.webm,59,0.4740159213542938,0.7049877345561981
P_08,1491591937547_7_-study-benefits_of_running_instructions.webm,60,0.47417405247688293,0.7044462859630585
P_08,1491591937547_7_-study-benefits_of_running_instructions.webm,61,0.473258376121521,0.7040360271930695
P_08,1491591937547_7_-study-benefits_of_running_instructions.webm,62,0.4732605665922165,0.7038443386554718
P_08,1491591937547_7_-study-benefits_of_running_instructions.webm,63,0.47306470572948456,0.7036968171596527
P_08,1491591937547_7_-study-benefits_of_running_instructions.webm,64,0.4721542149782181,0.7035446166992188
P_08,1491591937547_7_-study-benefits_of_running_instructions.webm,65,0.4714171588420868,0.7024064064025879
P_08,1491591937547_7_-study-benefits_of_running_instructions.webm,66,0.470620259642601,0.7005265951156616
P_08,1491591937547_7_-study-benefits_of_running_instructions.webm,67,0.4698730558156967,0.6989357471466064
P_08,1491591937547_7_-study-benefits_of_running_instructions.webm,68,0.4692254811525345,0.6979203522205353
P_08,1491591937547_7_-study-benefits_of_running_instructions.webm,69,0.4694712460041046,0.69659823179245
P_08,1491591937547_7_-study-benefits_of_running_instructions.webm,70,0.46958890557289124,0.695721834897995
P_08,1491591937547_7_-study-benefits_of_running_instructions.webm,71,0.4694981873035431,0.695332944393158
P_08,1491591937547_7_-study-benefits_of_running_instructions.webm,72,0.469620481133461,0.6953665018081665
P_08,1491591937547_7_-study-benefits_of_running_instructions.webm,73,0.46958769857883453,0.6954219937324524
P_08,1491591937547_7_-study-benefits_of_running_instructions.webm,74,0.469360813498497,0.6958679556846619
P_08,1491591937547_7_-study-benefits_of_running_instructions.webm,75,0.4687853306531906,0.6959367096424103
P_08,1491591937547_7_-study-benefits_of_running_instructions.webm,76,0.4687843322753906,0.6959957182407379
P_08,1491591937547_7_-study-benefits_of_running_instructions.webm,77,0.46884793043136597,0.6963832080364227
P_08,1491591937547_7_-study-benefits_of_running_instructions.webm,78,0.46835416555404663,0.696295827627182
P_08,1491591937547_7_-study-benefits_of_running_instructions.webm,79,0.468262255191803,0.6967216730117798
P_08,1491591937547_7_-study-benefits_of_running_instructions.webm,80,0.46838800609111786,0.6971393823623657
P_08,1491591937547_7_-study-benefits_of_running_instructions.webm,81,0.4683088958263397,0.6978911459445953
P_08,1491591937547_7_-study-benefits_of_running_instructions.webm,82,0.46802665293216705,0.6983120143413544
P_08,1491591937547_7_-study-benefits_of_running_instructions.webm,83,0.46997806429862976,0.6994368433952332
P_08,1491591937547_7_-study-benefits_of_running_instructions.webm,84,0.47014470398426056,0.6994697451591492
P_08,1491591937547_7_-study-benefits_of_running_instructions.webm,85,0.47049206495285034,0.6998683214187622
P_08,1491591937547_7_-study-benefits_of_running_instructions.webm,86,0.47032666206359863,0.700808048248291
P_08,1491591937547_7_-study-benefits_of_running_instructions.webm,87,0.47040553390979767,0.7007157504558563
P_08,1491591937547_7_-study-benefits_of_running_instructions.webm,88,0.4706709533929825,0.7014391720294952
P_08,1491591937547_7_-study-benefits_of_running_instructions.webm,89,0.47085294127464294,0.7021283507347107
P_08,1491591937547_7_-study-benefits_of_running_instructions.webm,90,0.4709436893463135,0.7025148570537567
P_08,1491591937547_7_-study-benefits_of_running_instructions.webm,91,0.47113655507564545,0.7030203342437744
P_08,1491591937547_7_-study-benefits_of_running_instructions.webm,92,0.4712393283843994,0.7035287916660309
P_08,1491591937547_7_-study-benefits_of_running_instructions.webm,93,0.4711829274892807,0.7039052844047546
P_08,1491591937547_7_-study-benefits_of_running_instructions.webm,94,0.471603587269783,0.7042339146137238
P_08,1491591937547_7_-study-benefits_of_running_instructions.webm,95,0.4722153842449188,0.7045747935771942
P_08,1491591937547_7_-study-benefits_of_running_instructions.webm,96,0.4724278301000595,0.7046164870262146
P_08,1491591937547_7_-study-benefits_of_running_instructions.webm,97,0.47222650051116943,0.7047399878501892
P_08,1491591937547_7_-study-benefits_of_running_instructions.webm,98,0.4724394232034683,0.7049584090709686
P_08,1491591937547_7_-study-benefits_of_running_instructions.webm,99,0.47234219312667847,0.7052307426929474
